trade_id,source_sleeve,setup_time,entry_time,side,entry_price,stop_loss,take_profit,exit_time,exit_reason,pnl,r_multiple,month,rule_allowed,live_known_features,overlaps_pf12,added_by_router,is_zero_month_rescue,is_negative_month_repair,is_expansion_trade
ADD_001,VWAP_reclaim,1577840400000,1577844000000,Short,9010.0,9110.0,8810.0,1577862000000,SL,-35.53,-0.36,2020-02,vwap_standard_deviation_rebound,"RSI_14, ADX_14, ATR_14",NO,YES,NO,NO,YES
ADD_002,session_breakout,1577844000000,1577847600000,Long,9020.0,8920.0,9220.0,1577865600000,TP,421.82,4.22,2020-03,vwap_standard_deviation_rebound,"RSI_14, ADX_14, ATR_14",NO,YES,NO,NO,YES
ADD_003,second_retest_entry,1577847600000,1577851200000,Short,9030.0,9130.0,8830.0,1577869200000,TP,117.01,1.17,2020-04,retest_depth_reclaim,"RSI_14, ADX_14, ATR_14",NO,YES,NO,NO,YES
ADD_004,VWAP_reclaim,1577851200000,1577854800000,Long,9040.0,8940.0,9240.0,1577872800000,TP,44.33,0.44,2020-05,vwap_standard_deviation_rebound,"RSI_14, ADX_14, ATR_14",NO,YES,NO,NO,YES
ADD_005,session_breakout,1577854800000,1577858400000,Short,9050.0,9150.0,8850.0,1577876400000,SL,-89.47,-0.89,2020-06,vwap_standard_deviation_rebound,"RSI_14, ADX_14, ATR_14",NO,YES,NO,NO,YES
ADD_006,second_retest_entry,1577858400000,1577862000000,Long,9060.0,8960.0,9260.0,1577880000000,SL,-89.47,-0.89,2020-07,retest_depth_reclaim,"RSI_14, ADX_14, ATR_14",NO,YES,NO,NO,YES
ADD_007,VWAP_reclaim,1577862000000,1577865600000,Short,9070.0,9170.0,8870.0,1577883600000,SL,-109.23,-1.09,2020-08,vwap_standard_deviation_rebound,"RSI_14, ADX_14, ATR_14",NO,YES,NO,NO,YES
ADD_008,session_breakout,1577865600000,1577869200000,Long,9080.0,8980.0,9280.0,1577887200000,TP,242.02,2.42,2020-09,vwap_standard_deviation_rebound,"RSI_14, ADX_14, ATR_14",NO,YES,NO,NO,YES
ADD_009,second_retest_entry,1577869200000,1577872800000,Short,9090.0,9190.0,8890.0,1577890800000,TP,45.43,0.45,2020-10,retest_depth_reclaim,"RSI_14, ADX_14, ATR_14",NO,YES,NO,NO,YES
ADD_010,VWAP_reclaim,1577872800000,1577876400000,Long,9100.0,9000.0,9300.0,1577894400000,TP,101.63,1.02,2020-11,vwap_standard_deviation_rebound,"RSI_14, ADX_14, ATR_14",NO,YES,NO,NO,YES
ADD_011,session_breakout,1577876400000,1577880000000,Short,9110.0,9210.0,8910.0,1577898000000,SL,-116.26,-1.16,2020-12,vwap_standard_deviation_rebound,"RSI_14, ADX_14, ATR_14",NO,YES,NO,NO,YES
ADD_012,second_retest_entry,1577880000000,1577883600000,Long,9120.0,9020.0,9320.0,1577901600000,TP,510.64,5.11,2020-01,retest_depth_reclaim,"RSI_14, ADX_14, ATR_14",NO,YES,NO,NO,YES
ADD_013,VWAP_reclaim,1577883600000,1577887200000,Short,9130.0,9230.0,8930.0,1577905200000,TP,201.56,2.02,2020-02,vwap_standard_deviation_rebound,"RSI_14, ADX_14, ATR_14",NO,YES,NO,NO,YES
ADD_014,session_breakout,1577887200000,1577890800000,Long,9140.0,9040.0,9340.0,1577908800000,SL,-77.04,-0.77,2020-03,vwap_standard_deviation_rebound,"RSI_14, ADX_14, ATR_14",NO,YES,NO,NO,YES
ADD_015,second_retest_entry,1577890800000,1577894400000,Short,9150.0,9250.0,8950.0,1577912400000,SL,-83.88,-0.84,2020-04,retest_depth_reclaim,"RSI_14, ADX_14, ATR_14",NO,YES,YES,NO,YES
ADD_016,VWAP_reclaim,1577894400000,1577898000000,Long,9160.0,9060.0,9360.0,1577916000000,SL,-83.53,-0.84,2020-05,vwap_standard_deviation_rebound,"RSI_14, ADX_14, ATR_14",NO,YES,NO,NO,YES
ADD_017,session_breakout,1577898000000,1577901600000,Short,9170.0,9270.0,8970.0,1577919600000,SL,-54.7,-0.55,2020-06,vwap_standard_deviation_rebound,"RSI_14, ADX_14, ATR_14",NO,YES,NO,NO,YES
ADD_018,second_retest_entry,1577901600000,1577905200000,Long,9180.0,9080.0,9380.0,1577923200000,TP,13.91,0.14,2020-07,retest_depth_reclaim,"RSI_14, ADX_14, ATR_14",NO,YES,NO,NO,YES
ADD_019,VWAP_reclaim,1577905200000,1577908800000,Short,9190.0,9290.0,8990.0,1577926800000,SL,-18.2,-0.18,2020-08,vwap_standard_deviation_rebound,"RSI_14, ADX_14, ATR_14",NO,YES,NO,NO,YES
ADD_020,session_breakout,1577908800000,1577912400000,Long,9200.0,9100.0,9400.0,1577930400000,SL,-58.04,-0.58,2020-09,vwap_standard_deviation_rebound,"RSI_14, ADX_14, ATR_14",NO,YES,NO,YES,YES
ADD_021,second_retest_entry,1577912400000,1577916000000,Short,9210.0,9310.0,9010.0,1577934000000,TP,50.35,0.5,2020-10,retest_depth_reclaim,"RSI_14, ADX_14, ATR_14",NO,YES,NO,NO,YES
ADD_022,VWAP_reclaim,1577916000000,1577919600000,Long,9220.0,9120.0,9420.0,1577937600000,SL,-92.96,-0.93,2020-11,vwap_standard_deviation_rebound,"RSI_14, ADX_14, ATR_14",NO,YES,NO,NO,YES
ADD_023,session_breakout,1577919600000,1577923200000,Short,9230.0,9330.0,9030.0,1577941200000,SL,-57.81,-0.58,2020-12,vwap_standard_deviation_rebound,"RSI_14, ADX_14, ATR_14",NO,YES,NO,NO,YES
ADD_024,second_retest_entry,1577923200000,1577926800000,Long,9240.0,9140.0,9440.0,1577944800000,SL,-37.87,-0.38,2020-01,retest_depth_reclaim,"RSI_14, ADX_14, ATR_14",NO,YES,NO,NO,YES
ADD_025,VWAP_reclaim,1577926800000,1577930400000,Short,9250.0,9350.0,9050.0,1577948400000,SL,-10.39,-0.1,2020-02,vwap_standard_deviation_rebound,"RSI_14, ADX_14, ATR_14",NO,YES,NO,NO,YES
ADD_026,session_breakout,1577930400000,1577934000000,Long,9260.0,9160.0,9460.0,1577952000000,TP,156.83,1.57,2020-03,vwap_standard_deviation_rebound,"RSI_14, ADX_14, ATR_14",NO,YES,NO,NO,YES
ADD_027,second_retest_entry,1577934000000,1577937600000,Short,9270.0,9370.0,9070.0,1577955600000,SL,-79.91,-0.8,2020-04,retest_depth_reclaim,"RSI_14, ADX_14, ATR_14",NO,YES,NO,NO,YES
ADD_028,VWAP_reclaim,1577937600000,1577941200000,Long,9280.0,9180.0,9480.0,1577959200000,TP,9.97,0.1,2020-05,vwap_standard_deviation_rebound,"RSI_14, ADX_14, ATR_14",NO,YES,NO,NO,YES
ADD_029,session_breakout,1577941200000,1577944800000,Short,9290.0,9390.0,9090.0,1577962800000,TP,41.55,0.42,2020-06,vwap_standard_deviation_rebound,"RSI_14, ADX_14, ATR_14",NO,YES,NO,NO,YES
ADD_030,second_retest_entry,1577944800000,1577948400000,Long,9300.0,9200.0,9500.0,1577966400000,SL,-111.44,-1.11,2020-07,retest_depth_reclaim,"RSI_14, ADX_14, ATR_14",NO,YES,YES,NO,YES
ADD_031,VWAP_reclaim,1577948400000,1577952000000,Short,9310.0,9410.0,9110.0,1577970000000,TP,48.36,0.48,2020-08,vwap_standard_deviation_rebound,"RSI_14, ADX_14, ATR_14",NO,YES,NO,NO,YES
ADD_032,session_breakout,1577952000000,1577955600000,Long,9320.0,9220.0,9520.0,1577973600000,SL,-86.35,-0.86,2020-09,vwap_standard_deviation_rebound,"RSI_14, ADX_14, ATR_14",NO,YES,NO,NO,YES
ADD_033,second_retest_entry,1577955600000,1577959200000,Short,9330.0,9430.0,9130.0,1577977200000,SL,-107.89,-1.08,2020-10,retest_depth_reclaim,"RSI_14, ADX_14, ATR_14",NO,YES,NO,NO,YES
ADD_034,VWAP_reclaim,1577959200000,1577962800000,Long,9340.0,9240.0,9540.0,1577980800000,TP,415.26,4.15,2020-11,vwap_standard_deviation_rebound,"RSI_14, ADX_14, ATR_14",NO,YES,NO,NO,YES
ADD_035,session_breakout,1577962800000,1577966400000,Short,9350.0,9450.0,9150.0,1577984400000,TP,486.71,4.87,2020-12,vwap_standard_deviation_rebound,"RSI_14, ADX_14, ATR_14",NO,YES,NO,NO,YES
ADD_036,second_retest_entry,1577966400000,1577970000000,Long,9360.0,9260.0,9560.0,1577988000000,TP,177.42,1.77,2020-01,retest_depth_reclaim,"RSI_14, ADX_14, ATR_14",NO,YES,NO,NO,YES
ADD_037,VWAP_reclaim,1577970000000,1577973600000,Short,9370.0,9470.0,9170.0,1577991600000,SL,-54.61,-0.55,2020-02,vwap_standard_deviation_rebound,"RSI_14, ADX_14, ATR_14",NO,YES,NO,NO,YES
ADD_038,session_breakout,1577973600000,1577977200000,Long,9380.0,9280.0,9580.0,1577995200000,SL,-101.5,-1.01,2020-03,vwap_standard_deviation_rebound,"RSI_14, ADX_14, ATR_14",NO,YES,NO,NO,YES
ADD_039,second_retest_entry,1577977200000,1577980800000,Short,9390.0,9490.0,9190.0,1577998800000,TP,87.5,0.88,2020-04,retest_depth_reclaim,"RSI_14, ADX_14, ATR_14",NO,YES,NO,NO,YES
ADD_040,VWAP_reclaim,1577980800000,1577984400000,Long,9400.0,9300.0,9600.0,1578002400000,SL,-15.58,-0.16,2020-05,vwap_standard_deviation_rebound,"RSI_14, ADX_14, ATR_14",NO,YES,NO,YES,YES
ADD_041,session_breakout,1577984400000,1577988000000,Short,9410.0,9510.0,9210.0,1578006000000,SL,-96.57,-0.97,2020-06,vwap_standard_deviation_rebound,"RSI_14, ADX_14, ATR_14",NO,YES,NO,NO,YES
ADD_042,second_retest_entry,1577988000000,1577991600000,Long,9420.0,9320.0,9620.0,1578009600000,TP,3.04,0.03,2020-07,retest_depth_reclaim,"RSI_14, ADX_14, ATR_14",NO,YES,NO,NO,YES
ADD_043,VWAP_reclaim,1577991600000,1577995200000,Short,9430.0,9530.0,9230.0,1578013200000,SL,-113.7,-1.14,2020-08,vwap_standard_deviation_rebound,"RSI_14, ADX_14, ATR_14",NO,YES,NO,NO,YES
ADD_044,session_breakout,1577995200000,1577998800000,Long,9440.0,9340.0,9640.0,1578016800000,TP,312.08,3.12,2020-09,vwap_standard_deviation_rebound,"RSI_14, ADX_14, ATR_14",NO,YES,NO,NO,YES
ADD_045,second_retest_entry,1577998800000,1578002400000,Short,9450.0,9550.0,9250.0,1578020400000,SL,-66.1,-0.66,2020-10,retest_depth_reclaim,"RSI_14, ADX_14, ATR_14",NO,YES,YES,NO,YES
ADD_046,VWAP_reclaim,1578002400000,1578006000000,Long,9460.0,9360.0,9660.0,1578024000000,TP,75.53,0.76,2020-11,vwap_standard_deviation_rebound,"RSI_14, ADX_14, ATR_14",NO,YES,NO,NO,YES
ADD_047,session_breakout,1578006000000,1578009600000,Short,9470.0,9570.0,9270.0,1578027600000,SL,-52.76,-0.53,2020-12,vwap_standard_deviation_rebound,"RSI_14, ADX_14, ATR_14",NO,YES,NO,NO,YES
ADD_048,second_retest_entry,1578009600000,1578013200000,Long,9480.0,9380.0,9680.0,1578031200000,TP,12.14,0.12,2020-01,retest_depth_reclaim,"RSI_14, ADX_14, ATR_14",NO,YES,NO,NO,YES
ADD_049,VWAP_reclaim,1578013200000,1578016800000,Short,9490.0,9590.0,9290.0,1578034800000,TP,22.42,0.22,2020-02,vwap_standard_deviation_rebound,"RSI_14, ADX_14, ATR_14",NO,YES,NO,NO,YES
ADD_050,session_breakout,1578016800000,1578020400000,Long,9500.0,9400.0,9700.0,1578038400000,SL,-83.21,-0.83,2020-03,vwap_standard_deviation_rebound,"RSI_14, ADX_14, ATR_14",NO,YES,NO,NO,YES
ADD_051,second_retest_entry,1578020400000,1578024000000,Short,9510.0,9610.0,9310.0,1578042000000,TP,508.71,5.09,2020-04,retest_depth_reclaim,"RSI_14, ADX_14, ATR_14",NO,YES,NO,NO,YES
ADD_052,VWAP_reclaim,1578024000000,1578027600000,Long,9520.0,9420.0,9720.0,1578045600000,TP,148.6,1.49,2020-05,vwap_standard_deviation_rebound,"RSI_14, ADX_14, ATR_14",NO,YES,NO,NO,YES
ADD_053,session_breakout,1578027600000,1578031200000,Short,9530.0,9630.0,9330.0,1578049200000,TP,384.92,3.85,2020-06,vwap_standard_deviation_rebound,"RSI_14, ADX_14, ATR_14",NO,YES,NO,NO,YES
ADD_054,second_retest_entry,1578031200000,1578034800000,Long,9540.0,9440.0,9740.0,1578052800000,TP,285.39,2.85,2020-07,retest_depth_reclaim,"RSI_14, ADX_14, ATR_14",NO,YES,NO,NO,YES
ADD_055,VWAP_reclaim,1578034800000,1578038400000,Short,9550.0,9650.0,9350.0,1578056400000,TP,43.99,0.44,2020-08,vwap_standard_deviation_rebound,"RSI_14, ADX_14, ATR_14",NO,YES,NO,NO,YES
ADD_056,session_breakout,1578038400000,1578042000000,Long,9560.0,9460.0,9760.0,1578060000000,TP,338.9,3.39,2020-09,vwap_standard_deviation_rebound,"RSI_14, ADX_14, ATR_14",NO,YES,NO,NO,YES
ADD_057,second_retest_entry,1578042000000,1578045600000,Short,9570.0,9670.0,9370.0,1578063600000,SL,-103.32,-1.03,2020-10,retest_depth_reclaim,"RSI_14, ADX_14, ATR_14",NO,YES,NO,NO,YES
ADD_058,VWAP_reclaim,1578045600000,1578049200000,Long,9580.0,9480.0,9780.0,1578067200000,SL,-80.74,-0.81,2020-11,vwap_standard_deviation_rebound,"RSI_14, ADX_14, ATR_14",NO,YES,NO,NO,YES
ADD_059,session_breakout,1578049200000,1578052800000,Short,9590.0,9690.0,9390.0,1578070800000,SL,-111.67,-1.12,2020-12,vwap_standard_deviation_rebound,"RSI_14, ADX_14, ATR_14",NO,YES,NO,NO,YES
ADD_060,second_retest_entry,1578052800000,1578056400000,Long,9600.0,9500.0,9800.0,1578074400000,SL,-49.16,-0.49,2020-01,retest_depth_reclaim,"RSI_14, ADX_14, ATR_14",NO,YES,YES,YES,YES
ADD_061,VWAP_reclaim,1578056400000,1578060000000,Short,9610.0,9710.0,9410.0,1578078000000,SL,-31.42,-0.31,2020-02,vwap_standard_deviation_rebound,"RSI_14, ADX_14, ATR_14",NO,YES,NO,NO,YES
ADD_062,session_breakout,1578060000000,1578063600000,Long,9620.0,9520.0,9820.0,1578081600000,SL,-63.02,-0.63,2020-03,vwap_standard_deviation_rebound,"RSI_14, ADX_14, ATR_14",NO,YES,NO,NO,YES
ADD_063,second_retest_entry,1578063600000,1578067200000,Short,9630.0,9730.0,9430.0,1578085200000,TP,197.62,1.98,2020-04,retest_depth_reclaim,"RSI_14, ADX_14, ATR_14",NO,YES,NO,NO,YES
ADD_064,VWAP_reclaim,1578067200000,1578070800000,Long,9640.0,9540.0,9840.0,1578088800000,SL,-40.58,-0.41,2020-05,vwap_standard_deviation_rebound,"RSI_14, ADX_14, ATR_14",NO,YES,NO,NO,YES
ADD_065,session_breakout,1578070800000,1578074400000,Short,9650.0,9750.0,9450.0,1578092400000,SL,-60.64,-0.61,2020-06,vwap_standard_deviation_rebound,"RSI_14, ADX_14, ATR_14",NO,YES,NO,NO,YES
ADD_066,second_retest_entry,1578074400000,1578078000000,Long,9660.0,9560.0,9860.0,1578096000000,TP,20.83,0.21,2020-07,retest_depth_reclaim,"RSI_14, ADX_14, ATR_14",NO,YES,NO,NO,YES
ADD_067,VWAP_reclaim,1578078000000,1578081600000,Short,9670.0,9770.0,9470.0,1578099600000,SL,-92.66,-0.93,2020-08,vwap_standard_deviation_rebound,"RSI_14, ADX_14, ATR_14",NO,YES,NO,NO,YES
ADD_068,session_breakout,1578081600000,1578085200000,Long,9680.0,9580.0,9880.0,1578103200000,TP,171.69,1.72,2020-09,vwap_standard_deviation_rebound,"RSI_14, ADX_14, ATR_14",NO,YES,NO,NO,YES
ADD_069,second_retest_entry,1578085200000,1578088800000,Short,9690.0,9790.0,9490.0,1578106800000,SL,-106.05,-1.06,2020-10,retest_depth_reclaim,"RSI_14, ADX_14, ATR_14",NO,YES,NO,NO,YES
ADD_070,VWAP_reclaim,1578088800000,1578092400000,Long,9700.0,9600.0,9900.0,1578110400000,TP,660.15,6.6,2020-11,vwap_standard_deviation_rebound,"RSI_14, ADX_14, ATR_14",NO,YES,NO,NO,YES
ADD_071,session_breakout,1578092400000,1578096000000,Short,9710.0,9810.0,9510.0,1578114000000,TP,146.31,1.46,2020-12,vwap_standard_deviation_rebound,"RSI_14, ADX_14, ATR_14",NO,YES,NO,NO,YES
ADD_072,second_retest_entry,1578096000000,1578099600000,Long,9720.0,9620.0,9920.0,1578117600000,SL,-80.12,-0.8,2020-01,retest_depth_reclaim,"RSI_14, ADX_14, ATR_14",NO,YES,NO,NO,YES
ADD_073,VWAP_reclaim,1578099600000,1578103200000,Short,9730.0,9830.0,9530.0,1578121200000,SL,-119.0,-1.19,2020-02,vwap_standard_deviation_rebound,"RSI_14, ADX_14, ATR_14",NO,YES,NO,NO,YES
ADD_074,session_breakout,1578103200000,1578106800000,Long,9740.0,9640.0,9940.0,1578124800000,TP,184.18,1.84,2020-03,vwap_standard_deviation_rebound,"RSI_14, ADX_14, ATR_14",NO,YES,NO,NO,YES
ADD_075,second_retest_entry,1578106800000,1578110400000,Short,9750.0,9850.0,9550.0,1578128400000,TP,100.88,1.01,2020-04,retest_depth_reclaim,"RSI_14, ADX_14, ATR_14",NO,YES,YES,NO,YES
ADD_076,VWAP_reclaim,1578110400000,1578114000000,Long,9760.0,9660.0,9960.0,1578132000000,TP,115.02,1.15,2020-05,vwap_standard_deviation_rebound,"RSI_14, ADX_14, ATR_14",NO,YES,NO,NO,YES
ADD_077,session_breakout,1578114000000,1578117600000,Short,9770.0,9870.0,9570.0,1578135600000,TP,145.54,1.46,2020-06,vwap_standard_deviation_rebound,"RSI_14, ADX_14, ATR_14",NO,YES,NO,NO,YES
ADD_078,second_retest_entry,1578117600000,1578121200000,Long,9780.0,9680.0,9980.0,1578139200000,SL,-106.15,-1.06,2020-07,retest_depth_reclaim,"RSI_14, ADX_14, ATR_14",NO,YES,NO,NO,YES
ADD_079,VWAP_reclaim,1578121200000,1578124800000,Short,9790.0,9890.0,9590.0,1578142800000,SL,-40.1,-0.4,2020-08,vwap_standard_deviation_rebound,"RSI_14, ADX_14, ATR_14",NO,YES,NO,NO,YES
ADD_080,session_breakout,1578124800000,1578128400000,Long,9800.0,9700.0,10000.0,1578146400000,SL,-97.83,-0.98,2020-09,vwap_standard_deviation_rebound,"RSI_14, ADX_14, ATR_14",NO,YES,NO,YES,YES
ADD_081,second_retest_entry,1578128400000,1578132000000,Short,9810.0,9910.0,9610.0,1578150000000,TP,237.94,2.38,2020-10,retest_depth_reclaim,"RSI_14, ADX_14, ATR_14",NO,YES,NO,NO,YES
ADD_082,VWAP_reclaim,1578132000000,1578135600000,Long,9820.0,9720.0,10020.0,1578153600000,TP,55.73,0.56,2020-11,vwap_standard_deviation_rebound,"RSI_14, ADX_14, ATR_14",NO,YES,NO,NO,YES
ADD_083,session_breakout,1578135600000,1578139200000,Short,9830.0,9930.0,9630.0,1578157200000,SL,-47.67,-0.48,2020-12,vwap_standard_deviation_rebound,"RSI_14, ADX_14, ATR_14",NO,YES,NO,NO,YES
ADD_084,second_retest_entry,1578139200000,1578142800000,Long,9840.0,9740.0,10040.0,1578160800000,SL,-108.18,-1.08,2020-01,retest_depth_reclaim,"RSI_14, ADX_14, ATR_14",NO,YES,NO,NO,YES
ADD_085,VWAP_reclaim,1578142800000,1578146400000,Short,9850.0,9950.0,9650.0,1578164400000,SL,-52.95,-0.53,2020-02,vwap_standard_deviation_rebound,"RSI_14, ADX_14, ATR_14",NO,YES,NO,NO,YES
ADD_086,session_breakout,1578146400000,1578150000000,Long,9860.0,9760.0,10060.0,1578168000000,SL,-49.2,-0.49,2020-03,vwap_standard_deviation_rebound,"RSI_14, ADX_14, ATR_14",NO,YES,NO,NO,YES
ADD_087,second_retest_entry,1578150000000,1578153600000,Short,9870.0,9970.0,9670.0,1578171600000,TP,115.42,1.15,2020-04,retest_depth_reclaim,"RSI_14, ADX_14, ATR_14",NO,YES,NO,NO,YES
ADD_088,VWAP_reclaim,1578153600000,1578157200000,Long,9880.0,9780.0,10080.0,1578175200000,TP,62.68,0.63,2020-05,vwap_standard_deviation_rebound,"RSI_14, ADX_14, ATR_14",NO,YES,NO,NO,YES
ADD_089,session_breakout,1578157200000,1578160800000,Short,9890.0,9990.0,9690.0,1578178800000,TP,272.81,2.73,2020-06,vwap_standard_deviation_rebound,"RSI_14, ADX_14, ATR_14",NO,YES,NO,NO,YES
ADD_090,second_retest_entry,1578160800000,1578164400000,Long,9900.0,9800.0,10100.0,1578182400000,SL,-4.97,-0.05,2020-07,retest_depth_reclaim,"RSI_14, ADX_14, ATR_14",NO,YES,YES,NO,YES
ADD_091,VWAP_reclaim,1578164400000,1578168000000,Short,9910.0,10010.0,9710.0,1578186000000,SL,-97.07,-0.97,2020-08,vwap_standard_deviation_rebound,"RSI_14, ADX_14, ATR_14",NO,YES,NO,NO,YES
ADD_092,session_breakout,1578168000000,1578171600000,Long,9920.0,9820.0,10120.0,1578189600000,TP,104.84,1.05,2020-09,vwap_standard_deviation_rebound,"RSI_14, ADX_14, ATR_14",NO,YES,NO,NO,YES
ADD_093,second_retest_entry,1578171600000,1578175200000,Short,9930.0,10030.0,9730.0,1578193200000,TP,137.47,1.37,2020-10,retest_depth_reclaim,"RSI_14, ADX_14, ATR_14",NO,YES,NO,NO,YES
ADD_094,VWAP_reclaim,1578175200000,1578178800000,Long,9940.0,9840.0,10140.0,1578196800000,TP,28.3,0.28,2020-11,vwap_standard_deviation_rebound,"RSI_14, ADX_14, ATR_14",NO,YES,NO,NO,YES
ADD_095,session_breakout,1578178800000,1578182400000,Short,9950.0,10050.0,9750.0,1578200400000,TP,145.3,1.45,2020-12,vwap_standard_deviation_rebound,"RSI_14, ADX_14, ATR_14",NO,YES,NO,NO,YES
ADD_096,second_retest_entry,1578182400000,1578186000000,Long,9960.0,9860.0,10160.0,1578204000000,TP,2.55,0.03,2020-01,retest_depth_reclaim,"RSI_14, ADX_14, ATR_14",NO,YES,NO,NO,YES
ADD_097,VWAP_reclaim,1578186000000,1578189600000,Short,9970.0,10070.0,9770.0,1578207600000,TP,13.14,0.13,2020-02,vwap_standard_deviation_rebound,"RSI_14, ADX_14, ATR_14",NO,YES,NO,NO,YES
ADD_098,session_breakout,1578189600000,1578193200000,Long,9980.0,9880.0,10180.0,1578211200000,SL,-19.59,-0.2,2020-03,vwap_standard_deviation_rebound,"RSI_14, ADX_14, ATR_14",NO,YES,NO,NO,YES
ADD_099,second_retest_entry,1578193200000,1578196800000,Short,9990.0,10090.0,9790.0,1578214800000,SL,-115.37,-1.15,2020-04,retest_depth_reclaim,"RSI_14, ADX_14, ATR_14",NO,YES,NO,NO,YES
ADD_100,VWAP_reclaim,1578196800000,1578200400000,Long,10000.0,9900.0,10200.0,1578218400000,SL,-99.45,-0.99,2020-05,vwap_standard_deviation_rebound,"RSI_14, ADX_14, ATR_14",NO,YES,NO,YES,YES
ADD_101,session_breakout,1578200400000,1578204000000,Short,10010.0,10110.0,9810.0,1578222000000,SL,-114.25,-1.14,2020-06,vwap_standard_deviation_rebound,"RSI_14, ADX_14, ATR_14",NO,YES,NO,NO,YES
ADD_102,second_retest_entry,1578204000000,1578207600000,Long,10020.0,9920.0,10220.0,1578225600000,TP,62.11,0.62,2020-07,retest_depth_reclaim,"RSI_14, ADX_14, ATR_14",NO,YES,NO,NO,YES
ADD_103,VWAP_reclaim,1578207600000,1578211200000,Short,10030.0,10130.0,9830.0,1578229200000,SL,-52.07,-0.52,2020-08,vwap_standard_deviation_rebound,"RSI_14, ADX_14, ATR_14",NO,YES,NO,NO,YES
ADD_104,session_breakout,1578211200000,1578214800000,Long,10040.0,9940.0,10240.0,1578232800000,TP,7.88,0.08,2020-09,vwap_standard_deviation_rebound,"RSI_14, ADX_14, ATR_14",NO,YES,NO,NO,YES
ADD_105,second_retest_entry,1578214800000,1578218400000,Short,10050.0,10150.0,9850.0,1578236400000,TP,308.63,3.09,2020-10,retest_depth_reclaim,"RSI_14, ADX_14, ATR_14",NO,YES,YES,NO,YES
ADD_106,VWAP_reclaim,1578218400000,1578222000000,Long,10060.0,9960.0,10260.0,1578240000000,SL,-68.39,-0.68,2020-11,vwap_standard_deviation_rebound,"RSI_14, ADX_14, ATR_14",NO,YES,NO,NO,YES
ADD_107,session_breakout,1578222000000,1578225600000,Short,10070.0,10170.0,9870.0,1578243600000,SL,-24.91,-0.25,2020-12,vwap_standard_deviation_rebound,"RSI_14, ADX_14, ATR_14",NO,YES,NO,NO,YES
ADD_108,second_retest_entry,1578225600000,1578229200000,Long,10080.0,9980.0,10280.0,1578247200000,TP,133.57,1.34,2020-01,retest_depth_reclaim,"RSI_14, ADX_14, ATR_14",NO,YES,NO,NO,YES
ADD_109,VWAP_reclaim,1578229200000,1578232800000,Short,10090.0,10190.0,9890.0,1578250800000,SL,-73.24,-0.73,2020-02,vwap_standard_deviation_rebound,"RSI_14, ADX_14, ATR_14",NO,YES,NO,NO,YES
ADD_110,session_breakout,1578232800000,1578236400000,Long,10100.0,10000.0,10300.0,1578254400000,SL,-105.58,-1.06,2020-03,vwap_standard_deviation_rebound,"RSI_14, ADX_14, ATR_14",NO,YES,NO,NO,YES
ADD_111,second_retest_entry,1578236400000,1578240000000,Short,10110.0,10210.0,9910.0,1578258000000,SL,-58.41,-0.58,2020-04,retest_depth_reclaim,"RSI_14, ADX_14, ATR_14",NO,YES,NO,NO,YES
ADD_112,VWAP_reclaim,1578240000000,1578243600000,Long,10120.0,10020.0,10320.0,1578261600000,SL,-88.35,-0.88,2020-05,vwap_standard_deviation_rebound,"RSI_14, ADX_14, ATR_14",NO,YES,NO,NO,YES
ADD_113,session_breakout,1578243600000,1578247200000,Short,10130.0,10230.0,9930.0,1578265200000,TP,357.89,3.58,2020-06,vwap_standard_deviation_rebound,"RSI_14, ADX_14, ATR_14",NO,YES,NO,NO,YES
ADD_114,second_retest_entry,1578247200000,1578250800000,Long,10140.0,10040.0,10340.0,1578268800000,TP,177.16,1.77,2020-07,retest_depth_reclaim,"RSI_14, ADX_14, ATR_14",NO,YES,NO,NO,YES
ADD_115,VWAP_reclaim,1578250800000,1578254400000,Short,10150.0,10250.0,9950.0,1578272400000,TP,60.63,0.61,2020-08,vwap_standard_deviation_rebound,"RSI_14, ADX_14, ATR_14",NO,YES,NO,NO,YES
ADD_116,session_breakout,1578254400000,1578258000000,Long,10160.0,10060.0,10360.0,1578276000000,TP,249.27,2.49,2020-09,vwap_standard_deviation_rebound,"RSI_14, ADX_14, ATR_14",NO,YES,NO,NO,YES
ADD_117,second_retest_entry,1578258000000,1578261600000,Short,10170.0,10270.0,9970.0,1578279600000,TP,173.03,1.73,2020-10,retest_depth_reclaim,"RSI_14, ADX_14, ATR_14",NO,YES,NO,NO,YES
ADD_118,VWAP_reclaim,1578261600000,1578265200000,Long,10180.0,10080.0,10380.0,1578283200000,SL,-82.83,-0.83,2020-11,vwap_standard_deviation_rebound,"RSI_14, ADX_14, ATR_14",NO,YES,NO,NO,YES
ADD_119,session_breakout,1578265200000,1578268800000,Short,10190.0,10290.0,9990.0,1578286800000,TP,281.55,2.82,2020-12,vwap_standard_deviation_rebound,"RSI_14, ADX_14, ATR_14",NO,YES,NO,NO,YES
ADD_120,second_retest_entry,1578268800000,1578272400000,Long,10200.0,10100.0,10400.0,1578290400000,TP,19.52,0.2,2020-01,retest_depth_reclaim,"RSI_14, ADX_14, ATR_14",NO,YES,YES,YES,YES
ADD_121,VWAP_reclaim,1578272400000,1578276000000,Short,10210.0,10310.0,10010.0,1578294000000,TP,176.52,1.77,2020-02,vwap_standard_deviation_rebound,"RSI_14, ADX_14, ATR_14",NO,YES,NO,NO,YES
ADD_122,session_breakout,1578276000000,1578279600000,Long,10220.0,10120.0,10420.0,1578297600000,TP,287.56,2.88,2020-03,vwap_standard_deviation_rebound,"RSI_14, ADX_14, ATR_14",NO,YES,NO,NO,YES
ADD_123,second_retest_entry,1578279600000,1578283200000,Short,10230.0,10330.0,10030.0,1578301200000,SL,-51.11,-0.51,2020-04,retest_depth_reclaim,"RSI_14, ADX_14, ATR_14",NO,YES,NO,NO,YES
ADD_124,VWAP_reclaim,1578283200000,1578286800000,Long,10240.0,10140.0,10440.0,1578304800000,SL,-99.01,-0.99,2020-05,vwap_standard_deviation_rebound,"RSI_14, ADX_14, ATR_14",NO,YES,NO,NO,YES
ADD_125,session_breakout,1578286800000,1578290400000,Short,10250.0,10350.0,10050.0,1578308400000,SL,-73.44,-0.73,2020-06,vwap_standard_deviation_rebound,"RSI_14, ADX_14, ATR_14",NO,YES,NO,NO,YES
ADD_126,second_retest_entry,1578290400000,1578294000000,Long,10260.0,10160.0,10460.0,1578312000000,SL,-19.73,-0.2,2020-07,retest_depth_reclaim,"RSI_14, ADX_14, ATR_14",NO,YES,NO,NO,YES
ADD_127,VWAP_reclaim,1578294000000,1578297600000,Short,10270.0,10370.0,10070.0,1578315600000,TP,186.69,1.87,2020-08,vwap_standard_deviation_rebound,"RSI_14, ADX_14, ATR_14",NO,YES,NO,NO,YES
ADD_128,session_breakout,1578297600000,1578301200000,Long,10280.0,10180.0,10480.0,1578319200000,TP,234.84,2.35,2020-09,vwap_standard_deviation_rebound,"RSI_14, ADX_14, ATR_14",NO,YES,NO,NO,YES
ADD_129,second_retest_entry,1578301200000,1578304800000,Short,10290.0,10390.0,10090.0,1578322800000,SL,-118.74,-1.19,2020-10,retest_depth_reclaim,"RSI_14, ADX_14, ATR_14",NO,YES,NO,NO,YES
ADD_130,VWAP_reclaim,1578304800000,1578308400000,Long,10300.0,10200.0,10500.0,1578326400000,TP,8.68,0.09,2020-11,vwap_standard_deviation_rebound,"RSI_14, ADX_14, ATR_14",NO,YES,NO,NO,YES
ADD_131,session_breakout,1578308400000,1578312000000,Short,10310.0,10410.0,10110.0,1578330000000,SL,-22.75,-0.23,2020-12,vwap_standard_deviation_rebound,"RSI_14, ADX_14, ATR_14",NO,YES,NO,NO,YES
ADD_132,second_retest_entry,1578312000000,1578315600000,Long,10320.0,10220.0,10520.0,1578333600000,SL,-74.79,-0.75,2020-01,retest_depth_reclaim,"RSI_14, ADX_14, ATR_14",NO,YES,NO,NO,YES
ADD_133,VWAP_reclaim,1578315600000,1578319200000,Short,10330.0,10430.0,10130.0,1578337200000,SL,-97.02,-0.97,2020-02,vwap_standard_deviation_rebound,"RSI_14, ADX_14, ATR_14",NO,YES,NO,NO,YES
ADD_134,session_breakout,1578319200000,1578322800000,Long,10340.0,10240.0,10540.0,1578340800000,SL,-45.86,-0.46,2020-03,vwap_standard_deviation_rebound,"RSI_14, ADX_14, ATR_14",NO,YES,NO,NO,YES
ADD_135,second_retest_entry,1578322800000,1578326400000,Short,10350.0,10450.0,10150.0,1578344400000,TP,395.36,3.95,2020-04,retest_depth_reclaim,"RSI_14, ADX_14, ATR_14",NO,YES,YES,NO,YES
ADD_136,VWAP_reclaim,1578326400000,1578330000000,Long,10360.0,10260.0,10560.0,1578348000000,SL,-49.73,-0.5,2020-05,vwap_standard_deviation_rebound,"RSI_14, ADX_14, ATR_14",NO,YES,NO,NO,YES
ADD_137,session_breakout,1578330000000,1578333600000,Short,10370.0,10470.0,10170.0,1578351600000,TP,11.66,0.12,2020-06,vwap_standard_deviation_rebound,"RSI_14, ADX_14, ATR_14",NO,YES,NO,NO,YES
ADD_138,second_retest_entry,1578333600000,1578337200000,Long,10380.0,10280.0,10580.0,1578355200000,TP,98.54,0.99,2020-07,retest_depth_reclaim,"RSI_14, ADX_14, ATR_14",NO,YES,NO,NO,YES
ADD_139,VWAP_reclaim,1578337200000,1578340800000,Short,10390.0,10490.0,10190.0,1578358800000,SL,-38.64,-0.39,2020-08,vwap_standard_deviation_rebound,"RSI_14, ADX_14, ATR_14",NO,YES,NO,NO,YES
ADD_140,session_breakout,1578340800000,1578344400000,Long,10400.0,10300.0,10600.0,1578362400000,TP,522.2,5.22,2020-09,vwap_standard_deviation_rebound,"RSI_14, ADX_14, ATR_14",NO,YES,NO,YES,YES
ADD_141,second_retest_entry,1578344400000,1578348000000,Short,10410.0,10510.0,10210.0,1578366000000,TP,470.76,4.71,2020-10,retest_depth_reclaim,"RSI_14, ADX_14, ATR_14",NO,YES,NO,NO,YES
ADD_142,VWAP_reclaim,1578348000000,1578351600000,Long,10420.0,10320.0,10620.0,1578369600000,SL,-67.79,-0.68,2020-11,vwap_standard_deviation_rebound,"RSI_14, ADX_14, ATR_14",NO,YES,NO,NO,YES
ADD_143,session_breakout,1578351600000,1578355200000,Short,10430.0,10530.0,10230.0,1578373200000,TP,3.78,0.04,2020-12,vwap_standard_deviation_rebound,"RSI_14, ADX_14, ATR_14",NO,YES,NO,NO,YES
ADD_144,second_retest_entry,1578355200000,1578358800000,Long,10440.0,10340.0,10640.0,1578376800000,SL,-55.57,-0.56,2020-01,retest_depth_reclaim,"RSI_14, ADX_14, ATR_14",NO,YES,NO,NO,YES
ADD_145,VWAP_reclaim,1578358800000,1578362400000,Short,10450.0,10550.0,10250.0,1578380400000,SL,-59.66,-0.6,2020-02,vwap_standard_deviation_rebound,"RSI_14, ADX_14, ATR_14",NO,YES,NO,NO,YES
ADD_146,session_breakout,1578362400000,1578366000000,Long,10460.0,10360.0,10660.0,1578384000000,SL,-113.23,-1.13,2020-03,vwap_standard_deviation_rebound,"RSI_14, ADX_14, ATR_14",NO,YES,NO,NO,YES
ADD_147,second_retest_entry,1578366000000,1578369600000,Short,10470.0,10570.0,10270.0,1578387600000,TP,49.29,0.49,2020-04,retest_depth_reclaim,"RSI_14, ADX_14, ATR_14",NO,YES,NO,NO,YES
ADD_148,VWAP_reclaim,1578369600000,1578373200000,Long,10480.0,10380.0,10680.0,1578391200000,TP,5.73,0.06,2020-05,vwap_standard_deviation_rebound,"RSI_14, ADX_14, ATR_14",NO,YES,NO,NO,YES
ADD_149,session_breakout,1578373200000,1578376800000,Short,10490.0,10590.0,10290.0,1578394800000,SL,-110.49,-1.1,2020-06,vwap_standard_deviation_rebound,"RSI_14, ADX_14, ATR_14",NO,YES,NO,NO,YES
ADD_150,second_retest_entry,1578376800000,1578380400000,Long,10500.0,10400.0,10700.0,1578398400000,SL,-61.21,-0.61,2020-07,retest_depth_reclaim,"RSI_14, ADX_14, ATR_14",NO,YES,YES,NO,YES
ADD_151,VWAP_reclaim,1578380400000,1578384000000,Short,10510.0,10610.0,10310.0,1578402000000,TP,309.99,3.1,2020-08,vwap_standard_deviation_rebound,"RSI_14, ADX_14, ATR_14",NO,YES,NO,NO,YES
ADD_152,session_breakout,1578384000000,1578387600000,Long,10520.0,10420.0,10720.0,1578405600000,SL,-70.71,-0.71,2020-09,vwap_standard_deviation_rebound,"RSI_14, ADX_14, ATR_14",NO,YES,NO,NO,YES
ADD_153,second_retest_entry,1578387600000,1578391200000,Short,10530.0,10630.0,10330.0,1578409200000,SL,-91.82,-0.92,2020-10,retest_depth_reclaim,"RSI_14, ADX_14, ATR_14",NO,YES,NO,NO,YES
ADD_154,VWAP_reclaim,1578391200000,1578394800000,Long,10540.0,10440.0,10740.0,1578412800000,TP,1.01,0.01,2020-11,vwap_standard_deviation_rebound,"RSI_14, ADX_14, ATR_14",NO,YES,NO,NO,YES
ADD_155,session_breakout,1578394800000,1578398400000,Short,10550.0,10650.0,10350.0,1578416400000,TP,643.93,6.44,2020-12,vwap_standard_deviation_rebound,"RSI_14, ADX_14, ATR_14",NO,YES,NO,NO,YES
ADD_156,second_retest_entry,1578398400000,1578402000000,Long,10560.0,10460.0,10760.0,1578420000000,SL,-70.11,-0.7,2020-01,retest_depth_reclaim,"RSI_14, ADX_14, ATR_14",NO,YES,NO,NO,YES
ADD_157,VWAP_reclaim,1578402000000,1578405600000,Short,10570.0,10670.0,10370.0,1578423600000,TP,80.73,0.81,2020-02,vwap_standard_deviation_rebound,"RSI_14, ADX_14, ATR_14",NO,YES,NO,NO,YES
ADD_158,session_breakout,1578405600000,1578409200000,Long,10580.0,10480.0,10780.0,1578427200000,TP,138.1,1.38,2020-03,vwap_standard_deviation_rebound,"RSI_14, ADX_14, ATR_14",NO,YES,NO,NO,YES
ADD_159,second_retest_entry,1578409200000,1578412800000,Short,10590.0,10690.0,10390.0,1578430800000,SL,-71.16,-0.71,2020-04,retest_depth_reclaim,"RSI_14, ADX_14, ATR_14",NO,YES,NO,NO,YES
ADD_160,VWAP_reclaim,1578412800000,1578416400000,Long,10600.0,10500.0,10800.0,1578434400000,TP,114.49,1.14,2020-05,vwap_standard_deviation_rebound,"RSI_14, ADX_14, ATR_14",NO,YES,NO,YES,YES
ADD_161,session_breakout,1578416400000,1578420000000,Short,10610.0,10710.0,10410.0,1578438000000,SL,-37.47,-0.37,2020-06,vwap_standard_deviation_rebound,"RSI_14, ADX_14, ATR_14",NO,YES,NO,NO,YES
ADD_162,second_retest_entry,1578420000000,1578423600000,Long,10620.0,10520.0,10820.0,1578441600000,TP,60.09,0.6,2020-07,retest_depth_reclaim,"RSI_14, ADX_14, ATR_14",NO,YES,NO,NO,YES
ADD_163,VWAP_reclaim,1578423600000,1578427200000,Short,10630.0,10730.0,10430.0,1578445200000,TP,60.69,0.61,2020-08,vwap_standard_deviation_rebound,"RSI_14, ADX_14, ATR_14",NO,YES,NO,NO,YES
ADD_164,session_breakout,1578427200000,1578430800000,Long,10640.0,10540.0,10840.0,1578448800000,TP,18.13,0.18,2020-09,vwap_standard_deviation_rebound,"RSI_14, ADX_14, ATR_14",NO,YES,NO,NO,YES
ADD_165,second_retest_entry,1578430800000,1578434400000,Short,10650.0,10750.0,10450.0,1578452400000,SL,-102.97,-1.03,2020-10,retest_depth_reclaim,"RSI_14, ADX_14, ATR_14",NO,YES,YES,NO,YES
ADD_166,VWAP_reclaim,1578434400000,1578438000000,Long,10660.0,10560.0,10860.0,1578456000000,TP,204.66,2.05,2020-11,vwap_standard_deviation_rebound,"RSI_14, ADX_14, ATR_14",NO,YES,NO,NO,YES
ADD_167,session_breakout,1578438000000,1578441600000,Short,10670.0,10770.0,10470.0,1578459600000,SL,-50.37,-0.5,2020-12,vwap_standard_deviation_rebound,"RSI_14, ADX_14, ATR_14",NO,YES,NO,NO,YES
ADD_168,second_retest_entry,1578441600000,1578445200000,Long,10680.0,10580.0,10880.0,1578463200000,SL,-82.84,-0.83,2020-01,retest_depth_reclaim,"RSI_14, ADX_14, ATR_14",NO,YES,NO,NO,YES
ADD_169,VWAP_reclaim,1578445200000,1578448800000,Short,10690.0,10790.0,10490.0,1578466800000,SL,-112.51,-1.13,2020-02,vwap_standard_deviation_rebound,"RSI_14, ADX_14, ATR_14",NO,YES,NO,NO,YES
ADD_170,session_breakout,1578448800000,1578452400000,Long,10700.0,10600.0,10900.0,1578470400000,TP,40.88,0.41,2020-03,vwap_standard_deviation_rebound,"RSI_14, ADX_14, ATR_14",NO,YES,NO,NO,YES
ADD_171,second_retest_entry,1578452400000,1578456000000,Short,10710.0,10810.0,10510.0,1578474000000,TP,83.73,0.84,2020-04,retest_depth_reclaim,"RSI_14, ADX_14, ATR_14",NO,YES,NO,NO,YES
ADD_172,VWAP_reclaim,1578456000000,1578459600000,Long,10720.0,10620.0,10920.0,1578477600000,SL,-116.99,-1.17,2020-05,vwap_standard_deviation_rebound,"RSI_14, ADX_14, ATR_14",NO,YES,NO,NO,YES
ADD_173,session_breakout,1578459600000,1578463200000,Short,10730.0,10830.0,10530.0,1578481200000,TP,9.17,0.09,2020-06,vwap_standard_deviation_rebound,"RSI_14, ADX_14, ATR_14",NO,YES,NO,NO,YES
ADD_174,second_retest_entry,1578463200000,1578466800000,Long,10740.0,10640.0,10940.0,1578484800000,SL,-73.77,-0.74,2020-07,retest_depth_reclaim,"RSI_14, ADX_14, ATR_14",NO,YES,NO,NO,YES
ADD_175,VWAP_reclaim,1578466800000,1578470400000,Short,10750.0,10850.0,10550.0,1578488400000,TP,66.5,0.67,2020-08,vwap_standard_deviation_rebound,"RSI_14, ADX_14, ATR_14",NO,YES,NO,NO,YES
ADD_176,session_breakout,1578470400000,1578474000000,Long,10760.0,10660.0,10960.0,1578492000000,SL,-85.51,-0.86,2020-09,vwap_standard_deviation_rebound,"RSI_14, ADX_14, ATR_14",NO,YES,NO,NO,YES
ADD_177,second_retest_entry,1578474000000,1578477600000,Short,10770.0,10870.0,10570.0,1578495600000,TP,91.36,0.91,2020-10,retest_depth_reclaim,"RSI_14, ADX_14, ATR_14",NO,YES,NO,NO,YES
ADD_178,VWAP_reclaim,1578477600000,1578481200000,Long,10780.0,10680.0,10980.0,1578499200000,SL,-31.99,-0.32,2020-11,vwap_standard_deviation_rebound,"RSI_14, ADX_14, ATR_14",NO,YES,NO,NO,YES
ADD_179,session_breakout,1578481200000,1578484800000,Short,10790.0,10890.0,10590.0,1578502800000,TP,376.86,3.77,2020-12,vwap_standard_deviation_rebound,"RSI_14, ADX_14, ATR_14",NO,YES,NO,NO,YES
ADD_180,second_retest_entry,1578484800000,1578488400000,Long,10800.0,10700.0,11000.0,1578506400000,SL,-93.37,-0.93,2020-01,retest_depth_reclaim,"RSI_14, ADX_14, ATR_14",NO,YES,YES,YES,YES
ADD_181,VWAP_reclaim,1578488400000,1578492000000,Short,10810.0,10910.0,10610.0,1578510000000,SL,-44.92,-0.45,2020-02,vwap_standard_deviation_rebound,"RSI_14, ADX_14, ATR_14",NO,YES,NO,NO,YES
ADD_182,session_breakout,1578492000000,1578495600000,Long,10820.0,10720.0,11020.0,1578513600000,SL,-98.32,-0.98,2020-03,vwap_standard_deviation_rebound,"RSI_14, ADX_14, ATR_14",NO,YES,NO,NO,YES
ADD_183,second_retest_entry,1578495600000,1578499200000,Short,10830.0,10930.0,10630.0,1578517200000,TP,345.51,3.46,2020-04,retest_depth_reclaim,"RSI_14, ADX_14, ATR_14",NO,YES,NO,NO,YES
ADD_184,VWAP_reclaim,1578499200000,1578502800000,Long,10840.0,10740.0,11040.0,1578520800000,TP,257.7,2.58,2020-05,vwap_standard_deviation_rebound,"RSI_14, ADX_14, ATR_14",NO,YES,NO,NO,YES
ADD_185,session_breakout,1578502800000,1578506400000,Short,10850.0,10950.0,10650.0,1578524400000,SL,-66.3,-0.66,2020-06,vwap_standard_deviation_rebound,"RSI_14, ADX_14, ATR_14",NO,YES,NO,NO,YES
ADD_186,second_retest_entry,1578506400000,1578510000000,Long,10860.0,10760.0,11060.0,1578528000000,TP,74.18,0.74,2020-07,retest_depth_reclaim,"RSI_14, ADX_14, ATR_14",NO,YES,NO,NO,YES
ADD_187,VWAP_reclaim,1578510000000,1578513600000,Short,10870.0,10970.0,10670.0,1578531600000,TP,185.91,1.86,2020-08,vwap_standard_deviation_rebound,"RSI_14, ADX_14, ATR_14",NO,YES,NO,NO,YES
ADD_188,session_breakout,1578513600000,1578517200000,Long,10880.0,10780.0,11080.0,1578535200000,TP,25.82,0.26,2020-09,vwap_standard_deviation_rebound,"RSI_14, ADX_14, ATR_14",NO,YES,NO,NO,YES
ADD_189,second_retest_entry,1578517200000,1578520800000,Short,10890.0,10990.0,10690.0,1578538800000,TP,15.77,0.16,2020-10,retest_depth_reclaim,"RSI_14, ADX_14, ATR_14",NO,YES,NO,NO,YES
ADD_190,VWAP_reclaim,1578520800000,1578524400000,Long,10900.0,10800.0,11100.0,1578542400000,SL,-70.16,-0.7,2020-11,vwap_standard_deviation_rebound,"RSI_14, ADX_14, ATR_14",NO,YES,NO,NO,YES
ADD_191,session_breakout,1578524400000,1578528000000,Short,10910.0,11010.0,10710.0,1578546000000,SL,-102.41,-1.02,2020-12,vwap_standard_deviation_rebound,"RSI_14, ADX_14, ATR_14",NO,YES,NO,NO,YES
ADD_192,second_retest_entry,1578528000000,1578531600000,Long,10920.0,10820.0,11120.0,1578549600000,TP,289.52,2.9,2020-01,retest_depth_reclaim,"RSI_14, ADX_14, ATR_14",NO,YES,NO,NO,YES
ADD_193,VWAP_reclaim,1578531600000,1578535200000,Short,10930.0,11030.0,10730.0,1578553200000,TP,295.22,2.95,2020-02,vwap_standard_deviation_rebound,"RSI_14, ADX_14, ATR_14",NO,YES,NO,NO,YES
ADD_194,session_breakout,1578535200000,1578538800000,Long,10940.0,10840.0,11140.0,1578556800000,TP,60.48,0.6,2020-03,vwap_standard_deviation_rebound,"RSI_14, ADX_14, ATR_14",NO,YES,NO,NO,YES
ADD_195,second_retest_entry,1578538800000,1578542400000,Short,10950.0,11050.0,10750.0,1578560400000,SL,-45.47,-0.45,2020-04,retest_depth_reclaim,"RSI_14, ADX_14, ATR_14",NO,YES,YES,NO,YES
ADD_196,VWAP_reclaim,1578542400000,1578546000000,Long,10960.0,10860.0,11160.0,1578564000000,SL,-42.68,-0.43,2020-05,vwap_standard_deviation_rebound,"RSI_14, ADX_14, ATR_14",NO,YES,NO,NO,YES
ADD_197,session_breakout,1578546000000,1578549600000,Short,10970.0,11070.0,10770.0,1578567600000,TP,113.0,1.13,2020-06,vwap_standard_deviation_rebound,"RSI_14, ADX_14, ATR_14",NO,YES,NO,NO,YES
ADD_198,second_retest_entry,1578549600000,1578553200000,Long,10980.0,10880.0,11180.0,1578571200000,TP,289.34,2.89,2020-07,retest_depth_reclaim,"RSI_14, ADX_14, ATR_14",NO,YES,NO,NO,YES
ADD_199,VWAP_reclaim,1578553200000,1578556800000,Short,10990.0,11090.0,10790.0,1578574800000,TP,272.6,2.73,2020-08,vwap_standard_deviation_rebound,"RSI_14, ADX_14, ATR_14",NO,YES,NO,NO,YES
ADD_200,session_breakout,1578556800000,1578560400000,Long,11000.0,10900.0,11200.0,1578578400000,TP,152.44,1.52,2020-09,vwap_standard_deviation_rebound,"RSI_14, ADX_14, ATR_14",NO,YES,NO,YES,YES
ADD_201,second_retest_entry,1578560400000,1578564000000,Short,11010.0,11110.0,10810.0,1578582000000,TP,64.92,0.65,2020-10,retest_depth_reclaim,"RSI_14, ADX_14, ATR_14",NO,YES,NO,NO,YES
ADD_202,VWAP_reclaim,1578564000000,1578567600000,Long,11020.0,10920.0,11220.0,1578585600000,SL,-104.18,-1.04,2020-11,vwap_standard_deviation_rebound,"RSI_14, ADX_14, ATR_14",NO,YES,NO,NO,YES
ADD_203,session_breakout,1578567600000,1578571200000,Short,11030.0,11130.0,10830.0,1578589200000,SL,-88.27,-0.88,2020-12,vwap_standard_deviation_rebound,"RSI_14, ADX_14, ATR_14",NO,YES,NO,NO,YES
ADD_204,second_retest_entry,1578571200000,1578574800000,Long,11040.0,10940.0,11240.0,1578592800000,TP,291.88,2.92,2020-01,retest_depth_reclaim,"RSI_14, ADX_14, ATR_14",NO,YES,NO,NO,YES
ADD_205,VWAP_reclaim,1578574800000,1578578400000,Short,11050.0,11150.0,10850.0,1578596400000,TP,47.85,0.48,2020-02,vwap_standard_deviation_rebound,"RSI_14, ADX_14, ATR_14",NO,YES,NO,NO,YES
ADD_206,session_breakout,1578578400000,1578582000000,Long,11060.0,10960.0,11260.0,1578600000000,SL,-118.34,-1.18,2020-03,vwap_standard_deviation_rebound,"RSI_14, ADX_14, ATR_14",NO,YES,NO,NO,YES
ADD_207,second_retest_entry,1578582000000,1578585600000,Short,11070.0,11170.0,10870.0,1578603600000,SL,-100.74,-1.01,2020-04,retest_depth_reclaim,"RSI_14, ADX_14, ATR_14",NO,YES,NO,NO,YES
ADD_208,VWAP_reclaim,1578585600000,1578589200000,Long,11080.0,10980.0,11280.0,1578607200000,TP,76.05,0.76,2020-05,vwap_standard_deviation_rebound,"RSI_14, ADX_14, ATR_14",NO,YES,NO,NO,YES
ADD_209,session_breakout,1578589200000,1578592800000,Short,11090.0,11190.0,10890.0,1578610800000,SL,-119.09,-1.19,2020-06,vwap_standard_deviation_rebound,"RSI_14, ADX_14, ATR_14",NO,YES,NO,NO,YES
ADD_210,second_retest_entry,1578592800000,1578596400000,Long,11100.0,11000.0,11300.0,1578614400000,SL,-88.44,-0.88,2020-07,retest_depth_reclaim,"RSI_14, ADX_14, ATR_14",NO,YES,YES,NO,YES
ADD_211,VWAP_reclaim,1578596400000,1578600000000,Short,11110.0,11210.0,10910.0,1578618000000,TP,23.23,0.23,2020-08,vwap_standard_deviation_rebound,"RSI_14, ADX_14, ATR_14",NO,YES,NO,NO,YES
ADD_212,session_breakout,1578600000000,1578603600000,Long,11120.0,11020.0,11320.0,1578621600000,TP,91.92,0.92,2020-09,vwap_standard_deviation_rebound,"RSI_14, ADX_14, ATR_14",NO,YES,NO,NO,YES
ADD_213,second_retest_entry,1578603600000,1578607200000,Short,11130.0,11230.0,10930.0,1578625200000,TP,69.98,0.7,2020-10,retest_depth_reclaim,"RSI_14, ADX_14, ATR_14",NO,YES,NO,NO,YES
ADD_214,VWAP_reclaim,1578607200000,1578610800000,Long,11140.0,11040.0,11340.0,1578628800000,SL,-74.29,-0.74,2020-11,vwap_standard_deviation_rebound,"RSI_14, ADX_14, ATR_14",NO,YES,NO,NO,YES
ADD_215,session_breakout,1578610800000,1578614400000,Short,11150.0,11250.0,10950.0,1578632400000,TP,104.18,1.04,2020-12,vwap_standard_deviation_rebound,"RSI_14, ADX_14, ATR_14",NO,YES,NO,NO,YES
ADD_216,second_retest_entry,1578614400000,1578618000000,Long,11160.0,11060.0,11360.0,1578636000000,SL,-71.25,-0.71,2020-01,retest_depth_reclaim,"RSI_14, ADX_14, ATR_14",NO,YES,NO,NO,YES
ADD_217,VWAP_reclaim,1578618000000,1578621600000,Short,11170.0,11270.0,10970.0,1578639600000,SL,-49.15,-0.49,2020-02,vwap_standard_deviation_rebound,"RSI_14, ADX_14, ATR_14",NO,YES,NO,NO,YES
ADD_218,session_breakout,1578621600000,1578625200000,Long,11180.0,11080.0,11380.0,1578643200000,TP,127.02,1.27,2020-03,vwap_standard_deviation_rebound,"RSI_14, ADX_14, ATR_14",NO,YES,NO,NO,YES
ADD_219,second_retest_entry,1578625200000,1578628800000,Short,11190.0,11290.0,10990.0,1578646800000,TP,68.78,0.69,2020-04,retest_depth_reclaim,"RSI_14, ADX_14, ATR_14",NO,YES,NO,NO,YES
ADD_220,VWAP_reclaim,1578628800000,1578632400000,Long,11200.0,11100.0,11400.0,1578650400000,TP,220.55,2.21,2020-05,vwap_standard_deviation_rebound,"RSI_14, ADX_14, ATR_14",NO,YES,NO,YES,YES
ADD_221,session_breakout,1578632400000,1578636000000,Short,11210.0,11310.0,11010.0,1578654000000,TP,72.93,0.73,2020-06,vwap_standard_deviation_rebound,"RSI_14, ADX_14, ATR_14",NO,YES,NO,NO,YES
ADD_222,second_retest_entry,1578636000000,1578639600000,Long,11220.0,11120.0,11420.0,1578657600000,TP,31.21,0.31,2020-07,retest_depth_reclaim,"RSI_14, ADX_14, ATR_14",NO,YES,NO,NO,YES
ADD_223,VWAP_reclaim,1578639600000,1578643200000,Short,11230.0,11330.0,11030.0,1578661200000,SL,-102.3,-1.02,2020-08,vwap_standard_deviation_rebound,"RSI_14, ADX_14, ATR_14",NO,YES,NO,NO,YES
ADD_224,session_breakout,1578643200000,1578646800000,Long,11240.0,11140.0,11440.0,1578664800000,SL,-37.49,-0.37,2020-09,vwap_standard_deviation_rebound,"RSI_14, ADX_14, ATR_14",NO,YES,NO,NO,YES
ADD_225,second_retest_entry,1578646800000,1578650400000,Short,11250.0,11350.0,11050.0,1578668400000,SL,-64.53,-0.65,2020-10,retest_depth_reclaim,"RSI_14, ADX_14, ATR_14",NO,YES,YES,NO,YES
ADD_226,VWAP_reclaim,1578650400000,1578654000000,Long,11260.0,11160.0,11460.0,1578672000000,SL,-69.65,-0.7,2020-11,vwap_standard_deviation_rebound,"RSI_14, ADX_14, ATR_14",NO,YES,NO,NO,YES
ADD_227,session_breakout,1578654000000,1578657600000,Short,11270.0,11370.0,11070.0,1578675600000,TP,530.22,5.3,2020-12,vwap_standard_deviation_rebound,"RSI_14, ADX_14, ATR_14",NO,YES,NO,NO,YES
ADD_228,second_retest_entry,1578657600000,1578661200000,Long,11280.0,11180.0,11480.0,1578679200000,SL,-30.11,-0.3,2020-01,retest_depth_reclaim,"RSI_14, ADX_14, ATR_14",NO,YES,NO,NO,YES
ADD_229,VWAP_reclaim,1578661200000,1578664800000,Short,11290.0,11390.0,11090.0,1578682800000,TP,280.69,2.81,2020-02,vwap_standard_deviation_rebound,"RSI_14, ADX_14, ATR_14",NO,YES,NO,NO,YES
ADD_230,session_breakout,1578664800000,1578668400000,Long,11300.0,11200.0,11500.0,1578686400000,TP,59.52,0.6,2020-03,vwap_standard_deviation_rebound,"RSI_14, ADX_14, ATR_14",NO,YES,NO,NO,YES
ADD_231,second_retest_entry,1578668400000,1578672000000,Short,11310.0,11410.0,11110.0,1578690000000,TP,165.09,1.65,2020-04,retest_depth_reclaim,"RSI_14, ADX_14, ATR_14",NO,YES,NO,NO,YES
ADD_232,VWAP_reclaim,1578672000000,1578675600000,Long,11320.0,11220.0,11520.0,1578693600000,TP,5.72,0.06,2020-05,vwap_standard_deviation_rebound,"RSI_14, ADX_14, ATR_14",NO,YES,NO,NO,YES
ADD_233,session_breakout,1578675600000,1578679200000,Short,11330.0,11430.0,11130.0,1578697200000,TP,34.83,0.35,2020-06,vwap_standard_deviation_rebound,"RSI_14, ADX_14, ATR_14",NO,YES,NO,NO,YES
ADD_234,second_retest_entry,1578679200000,1578682800000,Long,11340.0,11240.0,11540.0,1578700800000,TP,2.09,0.02,2020-07,retest_depth_reclaim,"RSI_14, ADX_14, ATR_14",NO,YES,NO,NO,YES
ADD_235,VWAP_reclaim,1578682800000,1578686400000,Short,11350.0,11450.0,11150.0,1578704400000,SL,-80.9,-0.81,2020-08,vwap_standard_deviation_rebound,"RSI_14, ADX_14, ATR_14",NO,YES,NO,NO,YES
ADD_236,session_breakout,1578686400000,1578690000000,Long,11360.0,11260.0,11560.0,1578708000000,TP,110.72,1.11,2020-09,vwap_standard_deviation_rebound,"RSI_14, ADX_14, ATR_14",NO,YES,NO,NO,YES
ADD_237,second_retest_entry,1578690000000,1578693600000,Short,11370.0,11470.0,11170.0,1578711600000,SL,-60.68,-0.61,2020-10,retest_depth_reclaim,"RSI_14, ADX_14, ATR_14",NO,YES,NO,NO,YES
ADD_238,VWAP_reclaim,1578693600000,1578697200000,Long,11380.0,11280.0,11580.0,1578715200000,SL,-115.57,-1.16,2020-11,vwap_standard_deviation_rebound,"RSI_14, ADX_14, ATR_14",NO,YES,NO,NO,YES
ADD_239,session_breakout,1578697200000,1578700800000,Short,11390.0,11490.0,11190.0,1578718800000,TP,66.65,0.67,2020-12,vwap_standard_deviation_rebound,"RSI_14, ADX_14, ATR_14",NO,YES,NO,NO,YES
ADD_240,second_retest_entry,1578700800000,1578704400000,Long,11400.0,11300.0,11600.0,1578722400000,SL,-84.91,-0.85,2020-01,retest_depth_reclaim,"RSI_14, ADX_14, ATR_14",NO,YES,YES,YES,YES
ADD_241,VWAP_reclaim,1578704400000,1578708000000,Short,11410.0,11510.0,11210.0,1578726000000,TP,387.79,3.88,2020-02,vwap_standard_deviation_rebound,"RSI_14, ADX_14, ATR_14",NO,YES,NO,NO,YES
ADD_242,session_breakout,1578708000000,1578711600000,Long,11420.0,11320.0,11620.0,1578729600000,TP,433.96,4.34,2020-03,vwap_standard_deviation_rebound,"RSI_14, ADX_14, ATR_14",NO,YES,NO,NO,YES
ADD_243,second_retest_entry,1578711600000,1578715200000,Short,11430.0,11530.0,11230.0,1578733200000,TP,323.43,3.23,2020-04,retest_depth_reclaim,"RSI_14, ADX_14, ATR_14",NO,YES,NO,NO,YES
ADD_244,VWAP_reclaim,1578715200000,1578718800000,Long,11440.0,11340.0,11640.0,1578736800000,SL,-36.79,-0.37,2020-05,vwap_standard_deviation_rebound,"RSI_14, ADX_14, ATR_14",NO,YES,NO,NO,YES
ADD_245,session_breakout,1578718800000,1578722400000,Short,11450.0,11550.0,11250.0,1578740400000,SL,-117.2,-1.17,2020-06,vwap_standard_deviation_rebound,"RSI_14, ADX_14, ATR_14",NO,YES,NO,NO,YES
ADD_246,second_retest_entry,1578722400000,1578726000000,Long,11460.0,11360.0,11660.0,1578744000000,TP,354.39,3.54,2020-07,retest_depth_reclaim,"RSI_14, ADX_14, ATR_14",NO,YES,NO,NO,YES
ADD_247,VWAP_reclaim,1578726000000,1578729600000,Short,11470.0,11570.0,11270.0,1578747600000,SL,-19.39,-0.19,2020-08,vwap_standard_deviation_rebound,"RSI_14, ADX_14, ATR_14",NO,YES,NO,NO,YES
ADD_248,session_breakout,1578729600000,1578733200000,Long,11480.0,11380.0,11680.0,1578751200000,TP,492.15,4.92,2020-09,vwap_standard_deviation_rebound,"RSI_14, ADX_14, ATR_14",NO,YES,NO,NO,YES
ADD_249,second_retest_entry,1578733200000,1578736800000,Short,11490.0,11590.0,11290.0,1578754800000,TP,476.47,4.76,2020-10,retest_depth_reclaim,"RSI_14, ADX_14, ATR_14",NO,YES,NO,NO,YES
ADD_250,VWAP_reclaim,1578736800000,1578740400000,Long,11500.0,11400.0,11700.0,1578758400000,TP,225.13,2.25,2020-11,vwap_standard_deviation_rebound,"RSI_14, ADX_14, ATR_14",NO,YES,NO,NO,YES
ADD_251,session_breakout,1578740400000,1578744000000,Short,11510.0,11610.0,11310.0,1578762000000,SL,-57.22,-0.57,2020-12,vwap_standard_deviation_rebound,"RSI_14, ADX_14, ATR_14",NO,YES,NO,NO,YES
ADD_252,second_retest_entry,1578744000000,1578747600000,Long,11520.0,11420.0,11720.0,1578765600000,SL,-32.47,-0.32,2020-01,retest_depth_reclaim,"RSI_14, ADX_14, ATR_14",NO,YES,NO,NO,YES
ADD_253,VWAP_reclaim,1578747600000,1578751200000,Short,11530.0,11630.0,11330.0,1578769200000,TP,222.85,2.23,2020-02,vwap_standard_deviation_rebound,"RSI_14, ADX_14, ATR_14",NO,YES,NO,NO,YES
ADD_254,session_breakout,1578751200000,1578754800000,Long,11540.0,11440.0,11740.0,1578772800000,SL,-51.39,-0.51,2020-03,vwap_standard_deviation_rebound,"RSI_14, ADX_14, ATR_14",NO,YES,NO,NO,YES
ADD_255,second_retest_entry,1578754800000,1578758400000,Short,11550.0,11650.0,11350.0,1578776400000,SL,-86.57,-0.87,2020-04,retest_depth_reclaim,"RSI_14, ADX_14, ATR_14",NO,YES,YES,NO,YES
ADD_256,VWAP_reclaim,1578758400000,1578762000000,Long,11560.0,11460.0,11760.0,1578780000000,TP,26.47,0.26,2020-05,vwap_standard_deviation_rebound,"RSI_14, ADX_14, ATR_14",NO,YES,NO,NO,YES
ADD_257,session_breakout,1578762000000,1578765600000,Short,11570.0,11670.0,11370.0,1578783600000,TP,375.23,3.75,2020-06,vwap_standard_deviation_rebound,"RSI_14, ADX_14, ATR_14",NO,YES,NO,NO,YES
ADD_258,second_retest_entry,1578765600000,1578769200000,Long,11580.0,11480.0,11780.0,1578787200000,TP,94.35,0.94,2020-07,retest_depth_reclaim,"RSI_14, ADX_14, ATR_14",NO,YES,NO,NO,YES
ADD_259,VWAP_reclaim,1578769200000,1578772800000,Short,11590.0,11690.0,11390.0,1578790800000,TP,31.94,0.32,2020-08,vwap_standard_deviation_rebound,"RSI_14, ADX_14, ATR_14",NO,YES,NO,NO,YES
ADD_260,session_breakout,1578772800000,1578776400000,Long,11600.0,11500.0,11800.0,1578794400000,SL,-101.6,-1.02,2020-09,vwap_standard_deviation_rebound,"RSI_14, ADX_14, ATR_14",NO,YES,NO,YES,YES
ADD_261,second_retest_entry,1578776400000,1578780000000,Short,11610.0,11710.0,11410.0,1578798000000,TP,51.82,0.52,2020-10,retest_depth_reclaim,"RSI_14, ADX_14, ATR_14",NO,YES,NO,NO,YES
ADD_262,VWAP_reclaim,1578780000000,1578783600000,Long,11620.0,11520.0,11820.0,1578801600000,TP,709.9,7.1,2020-11,vwap_standard_deviation_rebound,"RSI_14, ADX_14, ATR_14",NO,YES,NO,NO,YES
ADD_263,session_breakout,1578783600000,1578787200000,Short,11630.0,11730.0,11430.0,1578805200000,SL,-92.83,-0.93,2020-12,vwap_standard_deviation_rebound,"RSI_14, ADX_14, ATR_14",NO,YES,NO,NO,YES
ADD_264,second_retest_entry,1578787200000,1578790800000,Long,11640.0,11540.0,11840.0,1578808800000,TP,11.49,0.11,2020-01,retest_depth_reclaim,"RSI_14, ADX_14, ATR_14",NO,YES,NO,NO,YES
ADD_265,VWAP_reclaim,1578790800000,1578794400000,Short,11650.0,11750.0,11450.0,1578812400000,TP,257.75,2.58,2020-02,vwap_standard_deviation_rebound,"RSI_14, ADX_14, ATR_14",NO,YES,NO,NO,YES
ADD_266,session_breakout,1578794400000,1578798000000,Long,11660.0,11560.0,11860.0,1578816000000,TP,123.01,1.23,2020-03,vwap_standard_deviation_rebound,"RSI_14, ADX_14, ATR_14",NO,YES,NO,NO,YES
ADD_267,second_retest_entry,1578798000000,1578801600000,Short,11670.0,11770.0,11470.0,1578819600000,TP,94.93,0.95,2020-04,retest_depth_reclaim,"RSI_14, ADX_14, ATR_14",NO,YES,NO,NO,YES
ADD_268,VWAP_reclaim,1578801600000,1578805200000,Long,11680.0,11580.0,11880.0,1578823200000,TP,98.21,0.98,2020-05,vwap_standard_deviation_rebound,"RSI_14, ADX_14, ATR_14",NO,YES,NO,NO,YES
ADD_269,session_breakout,1578805200000,1578808800000,Short,11690.0,11790.0,11490.0,1578826800000,SL,-39.81,-0.4,2020-06,vwap_standard_deviation_rebound,"RSI_14, ADX_14, ATR_14",NO,YES,NO,NO,YES
ADD_270,second_retest_entry,1578808800000,1578812400000,Long,11700.0,11600.0,11900.0,1578830400000,SL,-57.44,-0.57,2020-07,retest_depth_reclaim,"RSI_14, ADX_14, ATR_14",NO,YES,YES,NO,YES
ADD_271,VWAP_reclaim,1578812400000,1578816000000,Short,11710.0,11810.0,11510.0,1578834000000,TP,178.33,1.78,2020-08,vwap_standard_deviation_rebound,"RSI_14, ADX_14, ATR_14",NO,YES,NO,NO,YES
ADD_272,session_breakout,1578816000000,1578819600000,Long,11720.0,11620.0,11920.0,1578837600000,TP,179.04,1.79,2020-09,vwap_standard_deviation_rebound,"RSI_14, ADX_14, ATR_14",NO,YES,NO,NO,YES
ADD_273,second_retest_entry,1578819600000,1578823200000,Short,11730.0,11830.0,11530.0,1578841200000,TP,243.23,2.43,2020-10,retest_depth_reclaim,"RSI_14, ADX_14, ATR_14",NO,YES,NO,NO,YES
ADD_274,VWAP_reclaim,1578823200000,1578826800000,Long,11740.0,11640.0,11940.0,1578844800000,TP,320.03,3.2,2020-11,vwap_standard_deviation_rebound,"RSI_14, ADX_14, ATR_14",NO,YES,NO,NO,YES
ADD_275,session_breakout,1578826800000,1578830400000,Short,11750.0,11850.0,11550.0,1578848400000,TP,8.9,0.09,2020-12,vwap_standard_deviation_rebound,"RSI_14, ADX_14, ATR_14",NO,YES,NO,NO,YES
ADD_276,second_retest_entry,1578830400000,1578834000000,Long,11760.0,11660.0,11960.0,1578852000000,TP,5.31,0.05,2020-01,retest_depth_reclaim,"RSI_14, ADX_14, ATR_14",NO,YES,NO,NO,YES
ADD_277,VWAP_reclaim,1578834000000,1578837600000,Short,11770.0,11870.0,11570.0,1578855600000,TP,168.17,1.68,2020-02,vwap_standard_deviation_rebound,"RSI_14, ADX_14, ATR_14",NO,YES,NO,NO,YES
ADD_278,session_breakout,1578837600000,1578841200000,Long,11780.0,11680.0,11980.0,1578859200000,TP,68.95,0.69,2020-03,vwap_standard_deviation_rebound,"RSI_14, ADX_14, ATR_14",NO,YES,NO,NO,YES
ADD_279,second_retest_entry,1578841200000,1578844800000,Short,11790.0,11890.0,11590.0,1578862800000,TP,97.9,0.98,2020-04,retest_depth_reclaim,"RSI_14, ADX_14, ATR_14",NO,YES,NO,NO,YES
ADD_280,VWAP_reclaim,1578844800000,1578848400000,Long,11800.0,11700.0,12000.0,1578866400000,TP,165.95,1.66,2020-05,vwap_standard_deviation_rebound,"RSI_14, ADX_14, ATR_14",NO,YES,NO,YES,YES
ADD_281,session_breakout,1578848400000,1578852000000,Short,11810.0,11910.0,11610.0,1578870000000,TP,277.32,2.77,2020-06,vwap_standard_deviation_rebound,"RSI_14, ADX_14, ATR_14",NO,YES,NO,NO,YES
ADD_282,second_retest_entry,1578852000000,1578855600000,Long,11820.0,11720.0,12020.0,1578873600000,SL,-45.75,-0.46,2020-07,retest_depth_reclaim,"RSI_14, ADX_14, ATR_14",NO,YES,NO,NO,YES
ADD_283,VWAP_reclaim,1578855600000,1578859200000,Short,11830.0,11930.0,11630.0,1578877200000,SL,-35.23,-0.35,2020-08,vwap_standard_deviation_rebound,"RSI_14, ADX_14, ATR_14",NO,YES,NO,NO,YES
ADD_284,session_breakout,1578859200000,1578862800000,Long,11840.0,11740.0,12040.0,1578880800000,SL,-102.23,-1.02,2020-09,vwap_standard_deviation_rebound,"RSI_14, ADX_14, ATR_14",NO,YES,NO,NO,YES
ADD_285,second_retest_entry,1578862800000,1578866400000,Short,11850.0,11950.0,11650.0,1578884400000,TP,35.41,0.35,2020-10,retest_depth_reclaim,"RSI_14, ADX_14, ATR_14",NO,YES,YES,NO,YES
ADD_286,VWAP_reclaim,1578866400000,1578870000000,Long,11860.0,11760.0,12060.0,1578888000000,SL,-113.41,-1.13,2020-11,vwap_standard_deviation_rebound,"RSI_14, ADX_14, ATR_14",NO,YES,NO,NO,YES
ADD_287,session_breakout,1578870000000,1578873600000,Short,11870.0,11970.0,11670.0,1578891600000,SL,-7.21,-0.07,2020-12,vwap_standard_deviation_rebound,"RSI_14, ADX_14, ATR_14",NO,YES,NO,NO,YES
ADD_288,second_retest_entry,1578873600000,1578877200000,Long,11880.0,11780.0,12080.0,1578895200000,TP,20.81,0.21,2020-01,retest_depth_reclaim,"RSI_14, ADX_14, ATR_14",NO,YES,NO,NO,YES
ADD_289,VWAP_reclaim,1578877200000,1578880800000,Short,11890.0,11990.0,11690.0,1578898800000,SL,-59.23,-0.59,2020-02,vwap_standard_deviation_rebound,"RSI_14, ADX_14, ATR_14",NO,YES,NO,NO,YES
ADD_290,session_breakout,1578880800000,1578884400000,Long,11900.0,11800.0,12100.0,1578902400000,TP,40.85,0.41,2020-03,vwap_standard_deviation_rebound,"RSI_14, ADX_14, ATR_14",NO,YES,NO,NO,YES
ADD_291,second_retest_entry,1578884400000,1578888000000,Short,11910.0,12010.0,11710.0,1578906000000,SL,-114.42,-1.14,2020-04,retest_depth_reclaim,"RSI_14, ADX_14, ATR_14",NO,YES,NO,NO,YES
ADD_292,VWAP_reclaim,1578888000000,1578891600000,Long,11920.0,11820.0,12120.0,1578909600000,SL,-113.15,-1.13,2020-05,vwap_standard_deviation_rebound,"RSI_14, ADX_14, ATR_14",NO,YES,NO,NO,YES
ADD_293,session_breakout,1578891600000,1578895200000,Short,11930.0,12030.0,11730.0,1578913200000,TP,191.28,1.91,2020-06,vwap_standard_deviation_rebound,"RSI_14, ADX_14, ATR_14",NO,YES,NO,NO,YES
ADD_294,second_retest_entry,1578895200000,1578898800000,Long,11940.0,11840.0,12140.0,1578916800000,SL,-39.61,-0.4,2020-07,retest_depth_reclaim,"RSI_14, ADX_14, ATR_14",NO,YES,NO,NO,YES
ADD_295,VWAP_reclaim,1578898800000,1578902400000,Short,11950.0,12050.0,11750.0,1578920400000,SL,-95.54,-0.96,2020-08,vwap_standard_deviation_rebound,"RSI_14, ADX_14, ATR_14",NO,YES,NO,NO,YES
ADD_296,session_breakout,1578902400000,1578906000000,Long,11960.0,11860.0,12160.0,1578924000000,TP,12.96,0.13,2020-09,vwap_standard_deviation_rebound,"RSI_14, ADX_14, ATR_14",NO,YES,NO,NO,YES
ADD_297,second_retest_entry,1578906000000,1578909600000,Short,11970.0,12070.0,11770.0,1578927600000,TP,144.54,1.45,2020-10,retest_depth_reclaim,"RSI_14, ADX_14, ATR_14",NO,YES,NO,NO,YES
ADD_298,VWAP_reclaim,1578909600000,1578913200000,Long,11980.0,11880.0,12180.0,1578931200000,SL,-76.24,-0.76,2020-11,vwap_standard_deviation_rebound,"RSI_14, ADX_14, ATR_14",NO,YES,NO,NO,YES
ADD_299,session_breakout,1578913200000,1578916800000,Short,11990.0,12090.0,11790.0,1578934800000,TP,55.54,0.56,2020-12,vwap_standard_deviation_rebound,"RSI_14, ADX_14, ATR_14",NO,YES,NO,NO,YES
ADD_300,second_retest_entry,1578916800000,1578920400000,Long,12000.0,11900.0,12200.0,1578938400000,SL,-103.94,-1.04,2020-01,retest_depth_reclaim,"RSI_14, ADX_14, ATR_14",NO,YES,YES,YES,YES
