teacher_row,entry_time,entry_datetime,side,setup_close,setup_close_datetime,match_category,trigger_patterns,adx,atr_pct,funding_safe,used_in_live_router
0,1578646800000,2020-01-10 09:00:00+00:00,Long,1578646800000,2020-01-10 09:00:00+00:00,exact_live_trigger_found,15m_body_close;15m_wick_rejection;5m_body_close;5m_wick_rejection,20.06805412017318,0.5,YES,NO_TEACHER_ANALYSIS_ONLY
1,1578974400000,2020-01-14 04:00:00+00:00,Long,1578974400000,2020-01-14 04:00:00+00:00,exact_live_trigger_found,15m_body_close;15m_wick_rejection;5m_body_close;5m_wick_rejection,28.949816867955498,0.367037021754953,YES,NO_TEACHER_ANALYSIS_ONLY
2,1579050000000,2020-01-15 01:00:00+00:00,Short,1579050000000,2020-01-15 01:00:00+00:00,exact_live_trigger_found,15m_body_close;15m_wick_rejection;5m_body_close;5m_wick_rejection,60.048048128178635,0.8587744224822134,NO,NO_TEACHER_ANALYSIS_ONLY
3,1579302000000,2020-01-17 23:00:00+00:00,Short,1579302000000,2020-01-17 23:00:00+00:00,exact_live_trigger_found,15m_body_close;15m_vwap_reclaim;5m_body_close;5m_wick_rejection;5m_vwap_reclaim,25.93204098916533,0.4984804975780889,NO,NO_TEACHER_ANALYSIS_ONLY
4,1579424400000,2020-01-19 09:00:00+00:00,Short,1579424400000,2020-01-19 09:00:00+00:00,exact_live_trigger_found,15m_body_close;15m_vwap_reclaim;5m_body_close;5m_wick_rejection;5m_vwap_reclaim,21.04331639864413,0.2574664296652684,NO,NO_TEACHER_ANALYSIS_ONLY
5,1579438800000,2020-01-19 13:00:00+00:00,Short,1579438800000,2020-01-19 13:00:00+00:00,exact_live_trigger_found,15m_body_close;15m_wick_rejection;5m_body_close;5m_wick_rejection,25.092011849955387,0.817575885419795,NO,NO_TEACHER_ANALYSIS_ONLY
6,1579881600000,2020-01-24 16:00:00+00:00,Short,1579881600000,2020-01-24 16:00:00+00:00,exact_live_trigger_found,15m_body_close;15m_wick_rejection;15m_vwap_reclaim;5m_body_close;5m_wick_rejection;5m_vwap_reclaim,29.039332628752135,0.37745797187788604,NO,NO_TEACHER_ANALYSIS_ONLY
7,1580428800000,2020-01-31 00:00:00+00:00,Short,1580428800000,2020-01-31 00:00:00+00:00,exact_live_trigger_found,15m_body_close;15m_wick_rejection;15m_vwap_reclaim;5m_body_close;5m_wick_rejection;5m_vwap_reclaim,15.911466601450506,0.6956451537272261,YES,NO_TEACHER_ANALYSIS_ONLY
8,1580641200000,2020-02-02 11:00:00+00:00,Short,1580641200000,2020-02-02 11:00:00+00:00,exact_live_trigger_found,15m_body_close;15m_wick_rejection;5m_body_close;5m_wick_rejection,19.9609564103132,0.25718114192161784,YES,NO_TEACHER_ANALYSIS_ONLY
9,1580922000000,2020-02-05 17:00:00+00:00,Short,1580922000000,2020-02-05 17:00:00+00:00,exact_live_trigger_found,15m_body_close;15m_wick_rejection;5m_body_close;5m_wick_rejection,33.41012828362492,0.30870168166394846,NO,NO_TEACHER_ANALYSIS_ONLY
10,1580947200000,2020-02-06 00:00:00+00:00,Short,1580947200000,2020-02-06 00:00:00+00:00,exact_live_trigger_found,15m_wick_rejection;15m_vwap_reclaim;5m_body_close;5m_wick_rejection;5m_vwap_reclaim,48.70447404184616,0.47899481327294596,NO,NO_TEACHER_ANALYSIS_ONLY
11,1581012000000,2020-02-06 18:00:00+00:00,Short,1581012000000,2020-02-06 18:00:00+00:00,exact_live_trigger_found,15m_body_close;15m_wick_rejection;5m_body_close;5m_wick_rejection,44.92553553855612,0.7202027943489568,NO,NO_TEACHER_ANALYSIS_ONLY
12,1581228000000,2020-02-09 06:00:00+00:00,Short,1581228000000,2020-02-09 06:00:00+00:00,exact_live_trigger_found,15m_body_close;15m_wick_rejection;15m_vwap_reclaim;5m_body_close;5m_wick_rejection;5m_vwap_reclaim,26.527978206827598,0.3159739713852417,NO,NO_TEACHER_ANALYSIS_ONLY
13,1581436800000,2020-02-11 16:00:00+00:00,Short,1581436800000,2020-02-11 16:00:00+00:00,exact_live_trigger_found,15m_body_close;15m_wick_rejection;5m_body_close;5m_wick_rejection;5m_vwap_reclaim,37.29482992059935,0.8393132032545229,NO,NO_TEACHER_ANALYSIS_ONLY
14,1583686800000,2020-03-08 17:00:00+00:00,Short,1583686800000,2020-03-08 17:00:00+00:00,exact_live_trigger_found,15m_wick_rejection;5m_body_close;5m_wick_rejection,57.59731395213077,0.7221181263933947,NO,NO_TEACHER_ANALYSIS_ONLY
15,1584057600000,2020-03-13 00:00:00+00:00,Short,1584057600000,2020-03-13 00:00:00+00:00,exact_live_trigger_found,15m_wick_rejection;15m_vwap_reclaim;5m_body_close;5m_wick_rejection;5m_vwap_reclaim,68.41112322083724,1.0,YES,NO_TEACHER_ANALYSIS_ONLY
16,1584126000000,2020-03-13 19:00:00+00:00,Long,1584126000000,2020-03-13 19:00:00+00:00,exact_live_trigger_found,15m_body_close;15m_wick_rejection;15m_vwap_reclaim;5m_body_close;5m_wick_rejection;5m_vwap_reclaim,40.6737789206339,0.8612110195508383,NO,NO_TEACHER_ANALYSIS_ONLY
17,1584309600000,2020-03-15 22:00:00+00:00,Long,1584309600000,2020-03-15 22:00:00+00:00,exact_live_trigger_found,15m_body_close;15m_wick_rejection;5m_body_close;5m_wick_rejection,23.146259111867558,0.27819153652874207,NO,NO_TEACHER_ANALYSIS_ONLY
18,1584345600000,2020-03-16 08:00:00+00:00,Short,1584345600000,2020-03-16 08:00:00+00:00,exact_live_trigger_found,15m_body_close;15m_wick_rejection;5m_body_close;5m_wick_rejection,26.018423063413238,0.297610088294283,YES,NO_TEACHER_ANALYSIS_ONLY
19,1584529200000,2020-03-18 11:00:00+00:00,Long,1584529200000,2020-03-18 11:00:00+00:00,exact_live_trigger_found,15m_wick_rejection;15m_vwap_reclaim;5m_body_close;5m_wick_rejection;5m_vwap_reclaim,19.090561300585655,0.1828488758231104,NO,NO_TEACHER_ANALYSIS_ONLY
20,1584619200000,2020-03-19 12:00:00+00:00,Long,1584619200000,2020-03-19 12:00:00+00:00,exact_live_trigger_found,15m_body_close;15m_wick_rejection;15m_vwap_reclaim;5m_body_close;5m_wick_rejection;5m_vwap_reclaim,15.452371443863528,0.07136410952889478,YES,NO_TEACHER_ANALYSIS_ONLY
21,1584694800000,2020-03-20 09:00:00+00:00,Long,1584694800000,2020-03-20 09:00:00+00:00,exact_live_trigger_found,15m_body_close;15m_vwap_reclaim;5m_body_close;5m_wick_rejection;5m_vwap_reclaim,44.65646704930798,0.17404770154443563,YES,NO_TEACHER_ANALYSIS_ONLY
22,1584968400000,2020-03-23 13:00:00+00:00,Long,1584968400000,2020-03-23 13:00:00+00:00,exact_live_trigger_found,15m_body_close;15m_wick_rejection;5m_body_close;5m_wick_rejection,28.626325844763706,0.12907704115537208,YES,NO_TEACHER_ANALYSIS_ONLY
23,1585530000000,2020-03-30 01:00:00+00:00,Long,1585530000000,2020-03-30 01:00:00+00:00,exact_live_trigger_found,15m_body_close;15m_wick_rejection;15m_vwap_reclaim;5m_body_close;5m_wick_rejection;5m_vwap_reclaim,49.333502711168286,0.10137942312316998,NO,NO_TEACHER_ANALYSIS_ONLY
24,1585746000000,2020-04-01 13:00:00+00:00,Long,1585746000000,2020-04-01 13:00:00+00:00,exact_live_trigger_found,15m_wick_rejection;5m_body_close;5m_wick_rejection,25.520803722535312,0.05911735486331831,NO,NO_TEACHER_ANALYSIS_ONLY
25,1585785600000,2020-04-02 00:00:00+00:00,Long,1585785600000,2020-04-02 00:00:00+00:00,exact_live_trigger_found,15m_body_close;15m_wick_rejection;5m_body_close;5m_wick_rejection,30.979482016854366,0.26775058263504825,YES,NO_TEACHER_ANALYSIS_ONLY
26,1586505600000,2020-04-10 08:00:00+00:00,Short,1586505600000,2020-04-10 08:00:00+00:00,exact_live_trigger_found,15m_wick_rejection;15m_vwap_reclaim;5m_body_close;5m_wick_rejection;5m_vwap_reclaim,39.592305408866,0.2661829696649252,YES,NO_TEACHER_ANALYSIS_ONLY
27,1587661200000,2020-04-23 17:00:00+00:00,Long,1587661200000,2020-04-23 17:00:00+00:00,exact_live_trigger_found,15m_body_close;15m_wick_rejection;15m_vwap_reclaim;5m_body_close;5m_wick_rejection;5m_vwap_reclaim,46.699947960707945,0.8360807031405659,YES,NO_TEACHER_ANALYSIS_ONLY
28,1588168800000,2020-04-29 14:00:00+00:00,Long,1588168800000,2020-04-29 14:00:00+00:00,exact_live_trigger_found,15m_wick_rejection;15m_vwap_reclaim;5m_body_close;5m_wick_rejection;5m_vwap_reclaim,44.04817303727532,0.6102021549388625,YES,NO_TEACHER_ANALYSIS_ONLY
29,1588784400000,2020-05-06 17:00:00+00:00,Short,1588784400000,2020-05-06 17:00:00+00:00,exact_live_trigger_found,15m_body_close;15m_wick_rejection;5m_body_close;5m_wick_rejection,33.49150432113166,0.3365792717601674,NO,NO_TEACHER_ANALYSIS_ONLY
30,1590080400000,2020-05-21 17:00:00+00:00,Short,1590080400000,2020-05-21 17:00:00+00:00,exact_live_trigger_found,15m_body_close;15m_wick_rejection;15m_vwap_reclaim;5m_body_close;5m_wick_rejection;5m_vwap_reclaim,53.190290913351866,0.22454096785170483,YES,NO_TEACHER_ANALYSIS_ONLY
31,1591056000000,2020-06-02 00:00:00+00:00,Long,1591056000000,2020-06-02 00:00:00+00:00,exact_live_trigger_found,15m_body_close;15m_wick_rejection;5m_body_close;5m_wick_rejection,21.501321167970858,1.0,YES,NO_TEACHER_ANALYSIS_ONLY
32,1591894800000,2020-06-11 17:00:00+00:00,Short,1591894800000,2020-06-11 17:00:00+00:00,exact_live_trigger_found,15m_body_close;15m_wick_rejection;5m_body_close;5m_wick_rejection,32.28583632343305,0.6197104213727168,YES,NO_TEACHER_ANALYSIS_ONLY
33,1595098800000,2020-07-18 19:00:00+00:00,Short,1595098800000,2020-07-18 19:00:00+00:00,exact_live_trigger_found,15m_body_close;15m_wick_rejection;15m_vwap_reclaim;5m_body_close;5m_wick_rejection;5m_vwap_reclaim,25.827182945249124,0.026365707476918923,YES,NO_TEACHER_ANALYSIS_ONLY
34,1595782800000,2020-07-26 17:00:00+00:00,Short,1595782800000,2020-07-26 17:00:00+00:00,exact_live_trigger_found,15m_body_close;15m_wick_rejection;15m_vwap_reclaim;5m_body_close;5m_wick_rejection;5m_vwap_reclaim,53.631559605308496,0.9781644533281659,NO,NO_TEACHER_ANALYSIS_ONLY
35,1595833200000,2020-07-27 07:00:00+00:00,Short,1595833200000,2020-07-27 07:00:00+00:00,exact_live_trigger_found,15m_body_close;15m_vwap_reclaim;5m_body_close;5m_wick_rejection;5m_vwap_reclaim,58.41877040998579,0.9937173688370702,NO,NO_TEACHER_ANALYSIS_ONLY
36,1595952000000,2020-07-28 16:00:00+00:00,Short,1595952000000,2020-07-28 16:00:00+00:00,exact_live_trigger_found,15m_body_close;15m_wick_rejection;15m_vwap_reclaim;5m_body_close;5m_wick_rejection;5m_vwap_reclaim,36.66335889776902,0.9226811664547476,NO,NO_TEACHER_ANALYSIS_ONLY
37,1596279600000,2020-08-01 11:00:00+00:00,Short,1596279600000,2020-08-01 11:00:00+00:00,exact_live_trigger_found,15m_body_close;15m_wick_rejection;5m_body_close;5m_wick_rejection,37.705080657577206,0.512312922062078,YES,NO_TEACHER_ANALYSIS_ONLY
38,1596330000000,2020-08-02 01:00:00+00:00,Short,1596330000000,2020-08-02 01:00:00+00:00,exact_live_trigger_found,15m_body_close;5m_body_close;5m_wick_rejection,34.045842059391916,0.5292580624697789,NO,NO_TEACHER_ANALYSIS_ONLY
39,1599055200000,2020-09-02 14:00:00+00:00,Short,1599055200000,2020-09-02 14:00:00+00:00,exact_live_trigger_found,15m_body_close;15m_wick_rejection;15m_vwap_reclaim;5m_body_close;5m_wick_rejection;5m_vwap_reclaim,35.70571200364591,1.0,NO,NO_TEACHER_ANALYSIS_ONLY
40,1599177600000,2020-09-04 00:00:00+00:00,Short,1599177600000,2020-09-04 00:00:00+00:00,exact_live_trigger_found,15m_body_close;15m_wick_rejection;5m_body_close;5m_wick_rejection,61.83039377488556,1.0,YES,NO_TEACHER_ANALYSIS_ONLY
41,1600704000000,2020-09-21 16:00:00+00:00,Short,1600704000000,2020-09-21 16:00:00+00:00,exact_live_trigger_found,15m_body_close;15m_wick_rejection;15m_vwap_reclaim;5m_body_close;5m_wick_rejection;5m_vwap_reclaim,36.66550140595442,1.0,YES,NO_TEACHER_ANALYSIS_ONLY
42,1602511200000,2020-10-12 14:00:00+00:00,Long,1602511200000,2020-10-12 14:00:00+00:00,exact_live_trigger_found,15m_wick_rejection;5m_body_close;5m_wick_rejection,21.061540866714065,0.9257016205894854,YES,NO_TEACHER_ANALYSIS_ONLY
43,1602597600000,2020-10-13 14:00:00+00:00,Short,1602597600000,2020-10-13 14:00:00+00:00,exact_live_trigger_found,15m_body_close;15m_wick_rejection;5m_body_close;5m_wick_rejection,18.52020618086714,0.8965115780424789,YES,NO_TEACHER_ANALYSIS_ONLY
44,1603292400000,2020-10-21 15:00:00+00:00,Long,1603292400000,2020-10-21 15:00:00+00:00,exact_live_trigger_found,15m_body_close;15m_wick_rejection;15m_vwap_reclaim;5m_body_close;5m_wick_rejection;5m_vwap_reclaim,59.30063237090262,1.0,YES,NO_TEACHER_ANALYSIS_ONLY
45,1603897200000,2020-10-28 15:00:00+00:00,Short,1603897200000,2020-10-28 15:00:00+00:00,exact_live_trigger_found,15m_body_close;15m_wick_rejection;5m_body_close;5m_wick_rejection,31.228524710348992,0.823370058095119,YES,NO_TEACHER_ANALYSIS_ONLY
46,1604581200000,2020-11-05 13:00:00+00:00,Long,1604581200000,2020-11-05 13:00:00+00:00,exact_live_trigger_found,15m_wick_rejection;5m_body_close;5m_wick_rejection,46.52868128581988,0.8917592794845711,YES,NO_TEACHER_ANALYSIS_ONLY
47,1604617200000,2020-11-05 23:00:00+00:00,Long,1604617200000,2020-11-05 23:00:00+00:00,exact_live_trigger_found,15m_body_close;15m_wick_rejection;5m_body_close;5m_wick_rejection,53.94544200781382,1.0,YES,NO_TEACHER_ANALYSIS_ONLY
48,1604779200000,2020-11-07 20:00:00+00:00,Short,1604779200000,2020-11-07 20:00:00+00:00,exact_live_trigger_found,15m_body_close;15m_wick_rejection;5m_body_close;5m_wick_rejection,26.578071002179474,0.8185161397833713,NO,NO_TEACHER_ANALYSIS_ONLY
49,1605632400000,2020-11-17 17:00:00+00:00,Long,1605632400000,2020-11-17 17:00:00+00:00,exact_live_trigger_found,15m_body_close;15m_vwap_reclaim;5m_body_close;5m_wick_rejection;5m_vwap_reclaim,42.564337356861444,0.5283374211591847,YES,NO_TEACHER_ANALYSIS_ONLY
50,1605693600000,2020-11-18 10:00:00+00:00,Short,1605693600000,2020-11-18 10:00:00+00:00,exact_live_trigger_found,15m_body_close;15m_wick_rejection;5m_body_close;5m_wick_rejection,42.684532407818544,1.0,NO,NO_TEACHER_ANALYSIS_ONLY
51,1605848400000,2020-11-20 05:00:00+00:00,Short,1605848400000,2020-11-20 05:00:00+00:00,exact_live_trigger_found,15m_body_close;15m_wick_rejection;5m_body_close;5m_wick_rejection,11.733237228068516,0.4228024755464304,NO,NO_TEACHER_ANALYSIS_ONLY
52,1606129200000,2020-11-23 11:00:00+00:00,Short,1606129200000,2020-11-23 11:00:00+00:00,exact_live_trigger_found,15m_body_close;15m_wick_rejection;15m_vwap_reclaim;5m_body_close;5m_wick_rejection;5m_vwap_reclaim,19.85598197164673,0.40729533595841755,NO,NO_TEACHER_ANALYSIS_ONLY
53,1606212000000,2020-11-24 10:00:00+00:00,Short,1606212000000,2020-11-24 10:00:00+00:00,exact_live_trigger_found,15m_body_close;5m_body_close;5m_wick_rejection;5m_vwap_reclaim,24.21335547463567,0.5026930183760835,NO,NO_TEACHER_ANALYSIS_ONLY
54,1606363200000,2020-11-26 04:00:00+00:00,Short,1606363200000,2020-11-26 04:00:00+00:00,exact_live_trigger_found,15m_body_close;15m_wick_rejection;15m_vwap_reclaim;5m_body_close;5m_wick_rejection;5m_vwap_reclaim,25.558283928981453,0.9719265583406554,NO,NO_TEACHER_ANALYSIS_ONLY
55,1606831200000,2020-12-01 14:00:00+00:00,Short,1606831200000,2020-12-01 14:00:00+00:00,exact_live_trigger_found,15m_body_close;15m_wick_rejection;5m_body_close;5m_wick_rejection,39.61518824499236,0.8632011398358674,NO,NO_TEACHER_ANALYSIS_ONLY
56,1606849200000,2020-12-01 19:00:00+00:00,Short,1606849200000,2020-12-01 19:00:00+00:00,exact_live_trigger_found,15m_body_close;15m_wick_rejection;5m_body_close;5m_wick_rejection,32.57889391751538,0.9278304187292705,YES,NO_TEACHER_ANALYSIS_ONLY
57,1609596000000,2021-01-02 14:00:00+00:00,Long,1609596000000,2021-01-02 14:00:00+00:00,exact_live_trigger_found,15m_body_close;15m_vwap_reclaim;5m_body_close;5m_wick_rejection;5m_vwap_reclaim,17.36300945559943,0.5078357611612417,YES,NO_TEACHER_ANALYSIS_ONLY
58,1609617600000,2021-01-02 20:00:00+00:00,Short,1609617600000,2021-01-02 20:00:00+00:00,exact_live_trigger_found,15m_body_close;15m_wick_rejection;15m_vwap_reclaim;5m_body_close;5m_wick_rejection;5m_vwap_reclaim,37.03559132177572,0.9139901742110269,NO,NO_TEACHER_ANALYSIS_ONLY
59,1609639200000,2021-01-03 02:00:00+00:00,Short,1609639200000,2021-01-03 02:00:00+00:00,exact_live_trigger_found,15m_body_close;15m_wick_rejection;15m_vwap_reclaim;5m_body_close;5m_wick_rejection;5m_vwap_reclaim,28.813156553506772,0.9403416507849023,NO,NO_TEACHER_ANALYSIS_ONLY
60,1609747200000,2021-01-04 08:00:00+00:00,Short,1609747200000,2021-01-04 08:00:00+00:00,exact_live_trigger_found,15m_body_close;15m_vwap_reclaim;5m_body_close;5m_wick_rejection;5m_vwap_reclaim,15.496483564328193,0.9324560845792313,NO,NO_TEACHER_ANALYSIS_ONLY
61,1609758000000,2021-01-04 11:00:00+00:00,Short,1609758000000,2021-01-04 11:00:00+00:00,exact_live_trigger_found,15m_body_close;15m_wick_rejection;5m_body_close;5m_wick_rejection,22.144830833354522,1.0,NO,NO_TEACHER_ANALYSIS_ONLY
62,1609884000000,2021-01-05 22:00:00+00:00,Short,1609884000000,2021-01-05 22:00:00+00:00,exact_live_trigger_found,15m_body_close;15m_wick_rejection;5m_body_close;5m_wick_rejection,23.72920334531026,0.6686760149109139,NO,NO_TEACHER_ANALYSIS_ONLY
63,1609934400000,2021-01-06 12:00:00+00:00,Short,1609934400000,2021-01-06 12:00:00+00:00,exact_live_trigger_found,15m_body_close;15m_wick_rejection;5m_body_close;5m_wick_rejection,28.45518523691868,0.7098810697842511,NO,NO_TEACHER_ANALYSIS_ONLY
64,1609995600000,2021-01-07 05:00:00+00:00,Short,1609995600000,2021-01-07 05:00:00+00:00,exact_live_trigger_found,15m_wick_rejection;15m_vwap_reclaim;5m_body_close;5m_wick_rejection;5m_vwap_reclaim,41.79447538866177,0.6741938677908518,NO,NO_TEACHER_ANALYSIS_ONLY
65,1610056800000,2021-01-07 22:00:00+00:00,Short,1610056800000,2021-01-07 22:00:00+00:00,exact_live_trigger_found,15m_wick_rejection;15m_vwap_reclaim;5m_body_close;5m_wick_rejection,35.02173411203764,0.9172999149869246,NO,NO_TEACHER_ANALYSIS_ONLY
66,1610114400000,2021-01-08 14:00:00+00:00,Short,1610114400000,2021-01-08 14:00:00+00:00,exact_live_trigger_found,15m_wick_rejection;5m_body_close;5m_wick_rejection,24.866913051339647,0.9746105659380194,NO,NO_TEACHER_ANALYSIS_ONLY
67,1610175600000,2021-01-09 07:00:00+00:00,Short,1610175600000,2021-01-09 07:00:00+00:00,exact_live_trigger_found,15m_body_close;15m_wick_rejection;5m_body_close;5m_wick_rejection,24.624375906779477,0.8063273454315449,NO,NO_TEACHER_ANALYSIS_ONLY
68,1610305200000,2021-01-10 19:00:00+00:00,Short,1610305200000,2021-01-10 19:00:00+00:00,exact_live_trigger_found,15m_body_close;15m_vwap_reclaim;5m_body_close;5m_wick_rejection;5m_vwap_reclaim,26.466234008691234,0.6399666941545904,NO,NO_TEACHER_ANALYSIS_ONLY
69,1610337600000,2021-01-11 04:00:00+00:00,Short,1610337600000,2021-01-11 04:00:00+00:00,exact_live_trigger_found,15m_body_close;5m_body_close;5m_wick_rejection,42.11090650603158,1.0,NO,NO_TEACHER_ANALYSIS_ONLY
70,1610499600000,2021-01-13 01:00:00+00:00,Short,1610499600000,2021-01-13 01:00:00+00:00,exact_live_trigger_found,15m_body_close;15m_wick_rejection;5m_body_close;5m_wick_rejection,23.640795812315496,0.6093012393879664,NO,NO_TEACHER_ANALYSIS_ONLY
71,1610564400000,2021-01-13 19:00:00+00:00,Short,1610564400000,2021-01-13 19:00:00+00:00,exact_live_trigger_found,15m_wick_rejection;5m_body_close;5m_wick_rejection,16.97758950605648,0.27247870404135105,NO,NO_TEACHER_ANALYSIS_ONLY
72,1610596800000,2021-01-14 04:00:00+00:00,Short,1610596800000,2021-01-14 04:00:00+00:00,exact_live_trigger_found,15m_body_close;5m_body_close;5m_wick_rejection,33.543537919320094,0.1737523357798972,NO,NO_TEACHER_ANALYSIS_ONLY
73,1612170000000,2021-02-01 09:00:00+00:00,Long,1612170000000,2021-02-01 09:00:00+00:00,exact_live_trigger_found,15m_body_close;15m_wick_rejection;5m_body_close;5m_wick_rejection,22.383249206511042,0.21706526614203311,YES,NO_TEACHER_ANALYSIS_ONLY
74,1612278000000,2021-02-02 15:00:00+00:00,Short,1612278000000,2021-02-02 15:00:00+00:00,exact_live_trigger_found,15m_wick_rejection;15m_vwap_reclaim;5m_body_close;5m_wick_rejection;5m_vwap_reclaim,28.25832831524786,0.07126130381596914,NO,NO_TEACHER_ANALYSIS_ONLY
75,1614560400000,2021-03-01 01:00:00+00:00,Long,1614560400000,2021-03-01 01:00:00+00:00,exact_live_trigger_found,15m_wick_rejection;15m_vwap_reclaim;5m_body_close;5m_wick_rejection,26.794674380672905,0.26773600223418714,YES,NO_TEACHER_ANALYSIS_ONLY
76,1614790800000,2021-03-03 17:00:00+00:00,Short,1614790800000,2021-03-03 17:00:00+00:00,exact_live_trigger_found,15m_body_close;15m_wick_rejection;5m_body_close;5m_wick_rejection,39.67667956857889,0.08969407834481832,NO,NO_TEACHER_ANALYSIS_ONLY
77,1614978000000,2021-03-05 21:00:00+00:00,Long,1614978000000,2021-03-05 21:00:00+00:00,exact_live_trigger_found,15m_body_close;15m_wick_rejection;5m_body_close;5m_wick_rejection,18.45806945169477,0.11757707500209773,YES,NO_TEACHER_ANALYSIS_ONLY
78,1615251600000,2021-03-09 01:00:00+00:00,Short,1615251600000,2021-03-09 01:00:00+00:00,exact_live_trigger_found,15m_body_close;5m_body_close;5m_wick_rejection,29.26845994318016,0.1384311324412717,NO,NO_TEACHER_ANALYSIS_ONLY
79,1615370400000,2021-03-10 10:00:00+00:00,Short,1615370400000,2021-03-10 10:00:00+00:00,exact_live_trigger_found,15m_body_close;15m_wick_rejection;15m_vwap_reclaim;5m_body_close;5m_wick_rejection;5m_vwap_reclaim,26.5084084584288,0.47805205509959614,NO,NO_TEACHER_ANALYSIS_ONLY
80,1615413600000,2021-03-10 22:00:00+00:00,Short,1615413600000,2021-03-10 22:00:00+00:00,exact_live_trigger_found,15m_body_close;15m_wick_rejection;5m_body_close;5m_wick_rejection,35.858490792730294,0.6583317120035117,NO,NO_TEACHER_ANALYSIS_ONLY
81,1615471200000,2021-03-11 14:00:00+00:00,Short,1615471200000,2021-03-11 14:00:00+00:00,exact_live_trigger_found,15m_body_close;15m_wick_rejection;15m_vwap_reclaim;5m_body_close;5m_wick_rejection;5m_vwap_reclaim,19.221249461634386,0.6270261030259243,NO,NO_TEACHER_ANALYSIS_ONLY
82,1615629600000,2021-03-13 10:00:00+00:00,Short,1615629600000,2021-03-13 10:00:00+00:00,exact_live_trigger_found,15m_body_close;15m_wick_rejection;5m_body_close;5m_wick_rejection,15.10154409000447,0.286195459295053,NO,NO_TEACHER_ANALYSIS_ONLY
83,1617339600000,2021-04-02 05:00:00+00:00,Short,1617339600000,2021-04-02 05:00:00+00:00,exact_live_trigger_found,15m_wick_rejection;5m_body_close;5m_wick_rejection,13.20626227035697,0.2655495528293903,NO,NO_TEACHER_ANALYSIS_ONLY
84,1617634800000,2021-04-05 15:00:00+00:00,Short,1617634800000,2021-04-05 15:00:00+00:00,exact_live_trigger_found,15m_wick_rejection;5m_body_close;5m_wick_rejection,36.34482265529261,0.20115662889816394,NO,NO_TEACHER_ANALYSIS_ONLY
85,1618106400000,2021-04-11 02:00:00+00:00,Short,1618106400000,2021-04-11 02:00:00+00:00,exact_live_trigger_found,15m_wick_rejection;5m_body_close;5m_wick_rejection,26.299333367834315,0.6952779259127554,NO,NO_TEACHER_ANALYSIS_ONLY
86,1618210800000,2021-04-12 07:00:00+00:00,Short,1618210800000,2021-04-12 07:00:00+00:00,exact_live_trigger_found,15m_body_close;15m_wick_rejection;15m_vwap_reclaim;5m_body_close;5m_wick_rejection;5m_vwap_reclaim,22.71205608356699,0.4487232917914625,NO,NO_TEACHER_ANALYSIS_ONLY
87,1618300800000,2021-04-13 08:00:00+00:00,Short,1618300800000,2021-04-13 08:00:00+00:00,exact_live_trigger_found,15m_body_close;15m_wick_rejection;5m_body_close;5m_wick_rejection,21.638883256116387,0.4567724907911494,NO,NO_TEACHER_ANALYSIS_ONLY
88,1618322400000,2021-04-13 14:00:00+00:00,Short,1618322400000,2021-04-13 14:00:00+00:00,exact_live_trigger_found,15m_wick_rejection;5m_body_close;5m_wick_rejection,38.670157571144756,0.8190992169511956,NO,NO_TEACHER_ANALYSIS_ONLY
89,1618423200000,2021-04-14 18:00:00+00:00,Short,1618423200000,2021-04-14 18:00:00+00:00,exact_live_trigger_found,15m_body_close;15m_wick_rejection;15m_vwap_reclaim;5m_body_close;5m_wick_rejection;5m_vwap_reclaim,34.47733036968756,1.0,NO,NO_TEACHER_ANALYSIS_ONLY
90,1618718400000,2021-04-18 04:00:00+00:00,Short,1618718400000,2021-04-18 04:00:00+00:00,exact_live_trigger_found,15m_wick_rejection;15m_vwap_reclaim;5m_body_close;5m_wick_rejection;5m_vwap_reclaim,46.61861628442263,1.0,NO,NO_TEACHER_ANALYSIS_ONLY
91,1619132400000,2021-04-22 23:00:00+00:00,Short,1619132400000,2021-04-22 23:00:00+00:00,exact_live_trigger_found,15m_body_close;15m_vwap_reclaim;5m_body_close;5m_wick_rejection;5m_vwap_reclaim,34.91863896842364,0.5750954732729165,YES,NO_TEACHER_ANALYSIS_ONLY
92,1619406000000,2021-04-26 03:00:00+00:00,Long,1619406000000,2021-04-26 03:00:00+00:00,exact_live_trigger_found,15m_body_close;15m_vwap_reclaim;5m_body_close;5m_wick_rejection;5m_vwap_reclaim,23.11337044376166,0.4740155611550754,YES,NO_TEACHER_ANALYSIS_ONLY
93,1620007200000,2021-05-03 02:00:00+00:00,Short,1620007200000,2021-05-03 02:00:00+00:00,exact_live_trigger_found,15m_body_close;15m_wick_rejection;5m_body_close;5m_wick_rejection,20.843018651641216,0.12483235442206599,NO,NO_TEACHER_ANALYSIS_ONLY
94,1620093600000,2021-05-04 02:00:00+00:00,Short,1620093600000,2021-05-04 02:00:00+00:00,exact_live_trigger_found,15m_wick_rejection;15m_vwap_reclaim;5m_body_close;5m_wick_rejection;5m_vwap_reclaim,27.711239755654358,0.4608728389140497,NO,NO_TEACHER_ANALYSIS_ONLY
95,1620226800000,2021-05-05 15:00:00+00:00,Short,1620226800000,2021-05-05 15:00:00+00:00,exact_live_trigger_found,15m_body_close;5m_body_close;5m_wick_rejection,26.40387298264016,0.8082828542578931,NO,NO_TEACHER_ANALYSIS_ONLY
96,1620482400000,2021-05-08 14:00:00+00:00,Short,1620482400000,2021-05-08 14:00:00+00:00,exact_live_trigger_found,15m_body_close;15m_wick_rejection;5m_body_close;5m_wick_rejection,29.297613462473894,0.5108519327767991,NO,NO_TEACHER_ANALYSIS_ONLY
97,1620608400000,2021-05-10 01:00:00+00:00,Short,1620608400000,2021-05-10 01:00:00+00:00,exact_live_trigger_found,15m_body_close;15m_wick_rejection;15m_vwap_reclaim;5m_body_close;5m_wick_rejection;5m_vwap_reclaim,26.174868247001392,0.38339853252785233,NO,NO_TEACHER_ANALYSIS_ONLY
98,1620676800000,2021-05-10 20:00:00+00:00,Short,1620676800000,2021-05-10 20:00:00+00:00,exact_live_trigger_found,15m_wick_rejection;5m_body_close;5m_wick_rejection,24.477444494767994,0.8159616080382466,NO,NO_TEACHER_ANALYSIS_ONLY
99,1621191600000,2021-05-16 19:00:00+00:00,Short,1621191600000,2021-05-16 19:00:00+00:00,exact_live_trigger_found,15m_wick_rejection;5m_body_close;5m_wick_rejection,27.17695219924563,0.41023016449629285,NO,NO_TEACHER_ANALYSIS_ONLY
100,1621270800000,2021-05-17 17:00:00+00:00,Short,1621270800000,2021-05-17 17:00:00+00:00,exact_live_trigger_found,15m_wick_rejection;5m_body_close;5m_wick_rejection,37.03519337953535,0.7179362229914308,NO,NO_TEACHER_ANALYSIS_ONLY
101,1621389600000,2021-05-19 02:00:00+00:00,Short,1621389600000,2021-05-19 02:00:00+00:00,exact_live_trigger_found,15m_body_close;15m_wick_rejection;15m_vwap_reclaim;5m_body_close;5m_wick_rejection;5m_vwap_reclaim,26.32904263483784,0.5065706620382644,YES,NO_TEACHER_ANALYSIS_ONLY
102,1621468800000,2021-05-20 00:00:00+00:00,Long,1621468800000,2021-05-20 00:00:00+00:00,exact_live_trigger_found,15m_body_close;5m_body_close;5m_wick_rejection,48.779080178216425,0.8968981423071757,NO,NO_TEACHER_ANALYSIS_ONLY
103,1621609200000,2021-05-21 15:00:00+00:00,Short,1621609200000,2021-05-21 15:00:00+00:00,exact_live_trigger_found,15m_wick_rejection;15m_vwap_reclaim;5m_body_close;5m_wick_rejection;5m_vwap_reclaim,13.677544973933315,0.4979723697486458,YES,NO_TEACHER_ANALYSIS_ONLY
104,1621760400000,2021-05-23 09:00:00+00:00,Short,1621760400000,2021-05-23 09:00:00+00:00,exact_live_trigger_found,15m_body_close;15m_wick_rejection;15m_vwap_reclaim;5m_body_close;5m_wick_rejection;5m_vwap_reclaim,35.274905254280135,0.17137230865698416,YES,NO_TEACHER_ANALYSIS_ONLY
105,1621886400000,2021-05-24 20:00:00+00:00,Long,1621886400000,2021-05-24 20:00:00+00:00,exact_live_trigger_found,15m_body_close;15m_wick_rejection;5m_body_close;5m_wick_rejection,27.71590660712448,0.2142296838092763,YES,NO_TEACHER_ANALYSIS_ONLY
106,1622012400000,2021-05-26 07:00:00+00:00,Long,1622012400000,2021-05-26 07:00:00+00:00,exact_live_trigger_found,15m_wick_rejection;15m_vwap_reclaim;5m_body_close;5m_wick_rejection;5m_vwap_reclaim,21.846840494186015,0.053021023923385736,YES,NO_TEACHER_ANALYSIS_ONLY
107,1622181600000,2021-05-28 06:00:00+00:00,Short,1622181600000,2021-05-28 06:00:00+00:00,exact_live_trigger_found,15m_wick_rejection;5m_body_close;5m_wick_rejection,17.02754177227768,0.02288903309851075,YES,NO_TEACHER_ANALYSIS_ONLY
108,1623103200000,2021-06-07 22:00:00+00:00,Short,1623103200000,2021-06-07 22:00:00+00:00,exact_live_trigger_found,15m_body_close;15m_wick_rejection;5m_body_close;5m_wick_rejection,26.67914031985719,0.3017721979324417,YES,NO_TEACHER_ANALYSIS_ONLY
109,1623222000000,2021-06-09 07:00:00+00:00,Long,1623222000000,2021-06-09 07:00:00+00:00,exact_live_trigger_found,15m_body_close;5m_body_close;5m_wick_rejection,31.27407142519833,0.6048812917297113,YES,NO_TEACHER_ANALYSIS_ONLY
110,1623474000000,2021-06-12 05:00:00+00:00,Short,1623474000000,2021-06-12 05:00:00+00:00,exact_live_trigger_found,15m_body_close;15m_wick_rejection;15m_vwap_reclaim;5m_body_close;5m_wick_rejection;5m_vwap_reclaim,16.51490557651827,0.5072490527373027,YES,NO_TEACHER_ANALYSIS_ONLY
111,1623862800000,2021-06-16 17:00:00+00:00,Long,1623862800000,2021-06-16 17:00:00+00:00,exact_live_trigger_found,15m_body_close;15m_wick_rejection;15m_vwap_reclaim;5m_body_close;5m_wick_rejection;5m_vwap_reclaim,15.28162606476909,0.28176165798949687,YES,NO_TEACHER_ANALYSIS_ONLY
112,1624046400000,2021-06-18 20:00:00+00:00,Short,1624046400000,2021-06-18 20:00:00+00:00,exact_live_trigger_found,15m_body_close;15m_wick_rejection;15m_vwap_reclaim;5m_body_close;5m_wick_rejection;5m_vwap_reclaim,44.79406869753363,0.35926639844799324,YES,NO_TEACHER_ANALYSIS_ONLY
113,1624258800000,2021-06-21 07:00:00+00:00,Short,1624258800000,2021-06-21 07:00:00+00:00,exact_live_trigger_found,15m_body_close;15m_wick_rejection;5m_body_close;5m_wick_rejection,24.922377121402356,0.9655077262004502,YES,NO_TEACHER_ANALYSIS_ONLY
114,1624388400000,2021-06-22 19:00:00+00:00,Long,1624388400000,2021-06-22 19:00:00+00:00,exact_live_trigger_found,15m_body_close;5m_body_close;5m_wick_rejection,28.155399158348082,0.9957612537990012,YES,NO_TEACHER_ANALYSIS_ONLY
115,1624762800000,2021-06-27 03:00:00+00:00,Long,1624762800000,2021-06-27 03:00:00+00:00,exact_live_trigger_found,15m_body_close;15m_vwap_reclaim;5m_body_close;5m_wick_rejection;5m_vwap_reclaim,19.990250905331504,0.40388618915004443,YES,NO_TEACHER_ANALYSIS_ONLY
116,1625486400000,2021-07-05 12:00:00+00:00,Short,1625486400000,2021-07-05 12:00:00+00:00,exact_live_trigger_found,15m_wick_rejection;15m_vwap_reclaim;5m_body_close;5m_wick_rejection;5m_vwap_reclaim,32.733167643775154,0.22824440309125424,YES,NO_TEACHER_ANALYSIS_ONLY
117,1626861600000,2021-07-21 10:00:00+00:00,Long,1626861600000,2021-07-21 10:00:00+00:00,exact_live_trigger_found,15m_body_close;15m_wick_rejection;5m_body_close;5m_wick_rejection,37.17540243273355,0.7323275571165823,NO,NO_TEACHER_ANALYSIS_ONLY
118,1627261200000,2021-07-26 01:00:00+00:00,Long,1627261200000,2021-07-26 01:00:00+00:00,exact_live_trigger_found,15m_body_close;15m_wick_rejection;15m_vwap_reclaim;5m_body_close;5m_wick_rejection,36.24240762601017,1.0,NO,NO_TEACHER_ANALYSIS_ONLY
119,1627426800000,2021-07-27 23:00:00+00:00,Long,1627426800000,2021-07-27 23:00:00+00:00,exact_live_trigger_found,15m_body_close;15m_wick_rejection;15m_vwap_reclaim;5m_body_close;5m_wick_rejection;5m_vwap_reclaim,31.128952193555744,0.46045904046262964,YES,NO_TEACHER_ANALYSIS_ONLY
120,1627678800000,2021-07-30 21:00:00+00:00,Long,1627678800000,2021-07-30 21:00:00+00:00,exact_live_trigger_found,15m_body_close;15m_vwap_reclaim;5m_body_close;5m_wick_rejection;5m_vwap_reclaim,20.682823081017453,0.30265903817799994,YES,NO_TEACHER_ANALYSIS_ONLY
121,1627866000000,2021-08-02 01:00:00+00:00,Short,1627866000000,2021-08-02 01:00:00+00:00,exact_live_trigger_found,15m_wick_rejection;15m_vwap_reclaim;5m_body_close;5m_wick_rejection,29.85720366628797,0.3182917258102382,YES,NO_TEACHER_ANALYSIS_ONLY
122,1628164800000,2021-08-05 12:00:00+00:00,Short,1628164800000,2021-08-05 12:00:00+00:00,exact_live_trigger_found,15m_body_close;15m_wick_rejection;5m_body_close;5m_wick_rejection,29.749125256995512,0.04734851483720695,YES,NO_TEACHER_ANALYSIS_ONLY
123,1628510400000,2021-08-09 12:00:00+00:00,Long,1628510400000,2021-08-09 12:00:00+00:00,exact_live_trigger_found,15m_body_close;15m_wick_rejection;5m_body_close;5m_wick_rejection;5m_vwap_reclaim,20.508423966426438,0.8488347729519765,YES,NO_TEACHER_ANALYSIS_ONLY
124,1629712800000,2021-08-23 10:00:00+00:00,Short,1629712800000,2021-08-23 10:00:00+00:00,exact_live_trigger_found,15m_wick_rejection;15m_vwap_reclaim;5m_body_close;5m_wick_rejection;5m_vwap_reclaim,23.278409092470945,0.30026590284258653,NO,NO_TEACHER_ANALYSIS_ONLY
125,1630141200000,2021-08-28 09:00:00+00:00,Short,1630141200000,2021-08-28 09:00:00+00:00,exact_live_trigger_found,15m_body_close;15m_vwap_reclaim;5m_body_close;5m_wick_rejection;5m_vwap_reclaim,25.787239053276974,0.0,YES,NO_TEACHER_ANALYSIS_ONLY
126,1631026800000,2021-09-07 15:00:00+00:00,Short,1631026800000,2021-09-07 15:00:00+00:00,exact_live_trigger_found,15m_body_close;15m_wick_rejection;5m_body_close;5m_wick_rejection,38.86401402677095,1.0,YES,NO_TEACHER_ANALYSIS_ONLY
127,1632124800000,2021-09-20 08:00:00+00:00,Short,1632124800000,2021-09-20 08:00:00+00:00,exact_live_trigger_found,15m_body_close;15m_wick_rejection;5m_body_close;5m_wick_rejection,42.69919356679071,0.5171109051311555,YES,NO_TEACHER_ANALYSIS_ONLY
128,1632186000000,2021-09-21 01:00:00+00:00,Short,1632186000000,2021-09-21 01:00:00+00:00,exact_live_trigger_found,15m_body_close;15m_wick_rejection;5m_body_close;5m_wick_rejection,70.51943610413859,1.0,YES,NO_TEACHER_ANALYSIS_ONLY
129,1632265200000,2021-09-21 23:00:00+00:00,Short,1632265200000,2021-09-21 23:00:00+00:00,exact_live_trigger_found,15m_body_close;5m_body_close;5m_wick_rejection,63.52929438548478,1.0,YES,NO_TEACHER_ANALYSIS_ONLY
130,1632484800000,2021-09-24 12:00:00+00:00,Short,1632484800000,2021-09-24 12:00:00+00:00,exact_live_trigger_found,15m_body_close;15m_vwap_reclaim;5m_body_close;5m_wick_rejection;5m_vwap_reclaim,23.287570567469274,0.5797263759061938,YES,NO_TEACHER_ANALYSIS_ONLY
131,1634292000000,2021-10-15 10:00:00+00:00,Short,1634292000000,2021-10-15 10:00:00+00:00,exact_live_trigger_found,15m_body_close;15m_wick_rejection;5m_body_close;5m_wick_rejection,26.366628898201355,0.5387856985186397,NO,NO_TEACHER_ANALYSIS_ONLY
132,1634320800000,2021-10-15 18:00:00+00:00,Long,1634320800000,2021-10-15 18:00:00+00:00,exact_live_trigger_found,15m_body_close;15m_wick_rejection;5m_body_close;5m_wick_rejection,36.18443832936604,0.7116648817108898,YES,NO_TEACHER_ANALYSIS_ONLY
133,1634349600000,2021-10-16 02:00:00+00:00,Short,1634349600000,2021-10-16 02:00:00+00:00,exact_live_trigger_found,15m_body_close;5m_body_close;5m_wick_rejection,45.88643211549555,0.8215299490769165,NO,NO_TEACHER_ANALYSIS_ONLY
134,1634522400000,2021-10-18 02:00:00+00:00,Short,1634522400000,2021-10-18 02:00:00+00:00,exact_live_trigger_found,15m_wick_rejection;15m_vwap_reclaim;5m_body_close;5m_wick_rejection;5m_vwap_reclaim,14.241803425192328,0.5337529931604984,NO,NO_TEACHER_ANALYSIS_ONLY
135,1634565600000,2021-10-18 14:00:00+00:00,Long,1634565600000,2021-10-18 14:00:00+00:00,exact_live_trigger_found,15m_body_close;15m_wick_rejection;15m_vwap_reclaim;5m_body_close;5m_wick_rejection;5m_vwap_reclaim,16.367810069299132,0.9048075917030844,YES,NO_TEACHER_ANALYSIS_ONLY
136,1634752800000,2021-10-20 18:00:00+00:00,Short,1634752800000,2021-10-20 18:00:00+00:00,exact_live_trigger_found,15m_body_close;15m_wick_rejection;5m_body_close;5m_wick_rejection,38.875588518074814,0.40744052638540845,NO,NO_TEACHER_ANALYSIS_ONLY
137,1634806800000,2021-10-21 09:00:00+00:00,Short,1634806800000,2021-10-21 09:00:00+00:00,exact_live_trigger_found,15m_body_close;15m_wick_rejection;15m_vwap_reclaim;5m_body_close;5m_wick_rejection;5m_vwap_reclaim,28.326822614770364,0.5619617682654483,NO,NO_TEACHER_ANALYSIS_ONLY
138,1635123600000,2021-10-25 01:00:00+00:00,Short,1635123600000,2021-10-25 01:00:00+00:00,exact_live_trigger_found,15m_body_close;15m_wick_rejection;15m_vwap_reclaim;5m_body_close;5m_wick_rejection;5m_vwap_reclaim,26.95041650155346,0.27606607182316706,YES,NO_TEACHER_ANALYSIS_ONLY
139,1635451200000,2021-10-28 20:00:00+00:00,Long,1635451200000,2021-10-28 20:00:00+00:00,exact_live_trigger_found,15m_wick_rejection;5m_body_close;5m_wick_rejection,36.928251875095256,0.8277431382528857,YES,NO_TEACHER_ANALYSIS_ONLY
140,1635753600000,2021-11-01 08:00:00+00:00,Short,1635753600000,2021-11-01 08:00:00+00:00,exact_live_trigger_found,15m_wick_rejection;15m_vwap_reclaim;5m_body_close;5m_wick_rejection;5m_vwap_reclaim,21.593098162268742,0.5257463429132347,YES,NO_TEACHER_ANALYSIS_ONLY
141,1635847200000,2021-11-02 10:00:00+00:00,Short,1635847200000,2021-11-02 10:00:00+00:00,exact_live_trigger_found,15m_body_close;15m_wick_rejection;15m_vwap_reclaim;5m_body_close;5m_wick_rejection;5m_vwap_reclaim,14.176251873465814,0.3799331106185245,YES,NO_TEACHER_ANALYSIS_ONLY
142,1636243200000,2021-11-07 00:00:00+00:00,Short,1636243200000,2021-11-07 00:00:00+00:00,exact_live_trigger_found,15m_body_close;5m_body_close;5m_wick_rejection,16.43219051701624,0.0,NO,NO_TEACHER_ANALYSIS_ONLY
143,1636336800000,2021-11-08 02:00:00+00:00,Long,1636336800000,2021-11-08 02:00:00+00:00,exact_live_trigger_found,15m_body_close;15m_wick_rejection;5m_body_close;5m_wick_rejection,38.22696972799453,0.29120004648917497,YES,NO_TEACHER_ANALYSIS_ONLY
144,1636362000000,2021-11-08 09:00:00+00:00,Short,1636362000000,2021-11-08 09:00:00+00:00,exact_live_trigger_found,15m_body_close;15m_wick_rejection;15m_vwap_reclaim;5m_body_close;5m_wick_rejection;5m_vwap_reclaim,56.0332680951598,0.33924356240621467,NO,NO_TEACHER_ANALYSIS_ONLY
145,1636552800000,2021-11-10 14:00:00+00:00,Short,1636552800000,2021-11-10 14:00:00+00:00,exact_live_trigger_found,15m_body_close;15m_wick_rejection;15m_vwap_reclaim;5m_body_close;5m_wick_rejection;5m_vwap_reclaim,16.171158416453288,0.7799261279829052,NO,NO_TEACHER_ANALYSIS_ONLY
146,1636574400000,2021-11-10 20:00:00+00:00,Short,1636574400000,2021-11-10 20:00:00+00:00,exact_live_trigger_found,15m_wick_rejection;15m_vwap_reclaim;5m_body_close;5m_wick_rejection;5m_vwap_reclaim,22.138309572737867,0.9426378351862522,NO,NO_TEACHER_ANALYSIS_ONLY
147,1636581600000,2021-11-10 22:00:00+00:00,Short,1636581600000,2021-11-10 22:00:00+00:00,exact_live_trigger_found,15m_body_close;5m_body_close;5m_wick_rejection,24.82661025160336,1.0,NO,NO_TEACHER_ANALYSIS_ONLY
148,1637035200000,2021-11-16 04:00:00+00:00,Short,1637035200000,2021-11-16 04:00:00+00:00,exact_live_trigger_found,15m_body_close;15m_wick_rejection;5m_body_close;5m_wick_rejection,42.3957407091614,0.5202021146636736,NO,NO_TEACHER_ANALYSIS_ONLY
149,1637920800000,2021-11-26 10:00:00+00:00,Short,1637920800000,2021-11-26 10:00:00+00:00,exact_live_trigger_found,15m_wick_rejection;15m_vwap_reclaim;5m_body_close;5m_wick_rejection;5m_vwap_reclaim,30.936874859163378,0.4817800364319255,YES,NO_TEACHER_ANALYSIS_ONLY
150,1638151200000,2021-11-29 02:00:00+00:00,Long,1638151200000,2021-11-29 02:00:00+00:00,exact_live_trigger_found,15m_wick_rejection;5m_body_close;5m_wick_rejection,26.412525402403727,0.5823203654215388,YES,NO_TEACHER_ANALYSIS_ONLY
151,1638316800000,2021-12-01 00:00:00+00:00,Short,1638316800000,2021-12-01 00:00:00+00:00,exact_live_trigger_found,15m_body_close;5m_body_close;5m_wick_rejection,14.34097801322639,0.9031175340322017,YES,NO_TEACHER_ANALYSIS_ONLY
152,1638594000000,2021-12-04 05:00:00+00:00,Short,1638594000000,2021-12-04 05:00:00+00:00,exact_live_trigger_found,15m_body_close;15m_wick_rejection;5m_body_close;5m_wick_rejection,46.66048590698533,1.0,YES,NO_TEACHER_ANALYSIS_ONLY
153,1638831600000,2021-12-06 23:00:00+00:00,Long,1638831600000,2021-12-06 23:00:00+00:00,exact_live_trigger_found,15m_body_close;15m_wick_rejection;5m_body_close;5m_wick_rejection,20.839794252137093,0.26528673108557194,YES,NO_TEACHER_ANALYSIS_ONLY
154,1639080000000,2021-12-09 20:00:00+00:00,Short,1639080000000,2021-12-09 20:00:00+00:00,exact_live_trigger_found,15m_body_close;15m_wick_rejection;5m_body_close;5m_wick_rejection,20.58447445427432,0.12444660297106551,YES,NO_TEACHER_ANALYSIS_ONLY
155,1640520000000,2021-12-26 12:00:00+00:00,Long,1640520000000,2021-12-26 12:00:00+00:00,exact_live_trigger_found,15m_body_close;15m_wick_rejection;15m_vwap_reclaim;5m_body_close;5m_wick_rejection;5m_vwap_reclaim,30.353991506484874,0.13630048169053283,YES,NO_TEACHER_ANALYSIS_ONLY
156,1640984400000,2021-12-31 21:00:00+00:00,Short,1640984400000,2021-12-31 21:00:00+00:00,exact_live_trigger_found,15m_body_close;15m_wick_rejection;5m_body_close;5m_wick_rejection,22.797300495857833,0.8656148189264257,YES,NO_TEACHER_ANALYSIS_ONLY
157,1641416400000,2022-01-05 21:00:00+00:00,Short,1641416400000,2022-01-05 21:00:00+00:00,exact_live_trigger_found,15m_wick_rejection;15m_vwap_reclaim;5m_body_close;5m_wick_rejection;5m_vwap_reclaim,20.792022295771186,1.0,YES,NO_TEACHER_ANALYSIS_ONLY
158,1642723200000,2022-01-21 00:00:00+00:00,Short,1642723200000,2022-01-21 00:00:00+00:00,exact_live_trigger_found,15m_body_close;15m_wick_rejection;5m_body_close;5m_wick_rejection,26.908843573896036,0.5830421412302539,YES,NO_TEACHER_ANALYSIS_ONLY
159,1642802400000,2022-01-21 22:00:00+00:00,Short,1642802400000,2022-01-21 22:00:00+00:00,exact_live_trigger_found,15m_body_close;15m_wick_rejection;15m_vwap_reclaim;5m_body_close;5m_wick_rejection;5m_vwap_reclaim,55.75109511480511,1.0,YES,NO_TEACHER_ANALYSIS_ONLY
160,1643022000000,2022-01-24 11:00:00+00:00,Short,1643022000000,2022-01-24 11:00:00+00:00,exact_live_trigger_found,15m_body_close;15m_wick_rejection;15m_vwap_reclaim;5m_body_close;5m_wick_rejection,18.031984164823086,0.5631472307675649,YES,NO_TEACHER_ANALYSIS_ONLY
161,1643047200000,2022-01-24 18:00:00+00:00,Long,1643047200000,2022-01-24 18:00:00+00:00,exact_live_trigger_found,15m_body_close;15m_wick_rejection;15m_vwap_reclaim;5m_body_close;5m_wick_rejection;5m_vwap_reclaim,22.301470515478506,0.8871674963050385,YES,NO_TEACHER_ANALYSIS_ONLY
162,1644256800000,2022-02-07 18:00:00+00:00,Long,1644256800000,2022-02-07 18:00:00+00:00,exact_live_trigger_found,15m_body_close;15m_wick_rejection;5m_body_close;5m_wick_rejection,51.82187213865214,0.696359434481733,YES,NO_TEACHER_ANALYSIS_ONLY
163,1644339600000,2022-02-08 17:00:00+00:00,Short,1644339600000,2022-02-08 17:00:00+00:00,exact_live_trigger_found,15m_wick_rejection;5m_body_close;5m_wick_rejection,32.21764714099923,0.9957635742754896,YES,NO_TEACHER_ANALYSIS_ONLY
164,1645113600000,2022-02-17 16:00:00+00:00,Short,1645113600000,2022-02-17 16:00:00+00:00,exact_live_trigger_found,15m_wick_rejection;15m_vwap_reclaim;5m_body_close;5m_wick_rejection,33.02184686650858,0.34303226804983306,YES,NO_TEACHER_ANALYSIS_ONLY
165,1645480800000,2022-02-21 22:00:00+00:00,Short,1645480800000,2022-02-21 22:00:00+00:00,exact_live_trigger_found,15m_body_close;15m_wick_rejection;5m_body_close;5m_wick_rejection,23.31057952599937,1.0,YES,NO_TEACHER_ANALYSIS_ONLY
166,1645671600000,2022-02-24 03:00:00+00:00,Short,1645671600000,2022-02-24 03:00:00+00:00,exact_live_trigger_found,15m_body_close;15m_wick_rejection;15m_vwap_reclaim;5m_body_close;5m_wick_rejection;5m_vwap_reclaim,28.345483714907658,0.6305896318018995,YES,NO_TEACHER_ANALYSIS_ONLY
167,1645732800000,2022-02-24 20:00:00+00:00,Long,1645732800000,2022-02-24 20:00:00+00:00,exact_live_trigger_found,15m_body_close;15m_wick_rejection;5m_body_close;5m_wick_rejection,30.42472298635175,1.0,YES,NO_TEACHER_ANALYSIS_ONLY
168,1646064000000,2022-02-28 16:00:00+00:00,Long,1646064000000,2022-02-28 16:00:00+00:00,exact_live_trigger_found,15m_wick_rejection;15m_vwap_reclaim;5m_body_close;5m_wick_rejection,18.42564991989886,0.6708310028942883,YES,NO_TEACHER_ANALYSIS_ONLY
169,1646431200000,2022-03-04 22:00:00+00:00,Short,1646431200000,2022-03-04 22:00:00+00:00,exact_live_trigger_found,15m_body_close;5m_body_close;5m_wick_rejection,51.97732015928742,0.3547687357910939,YES,NO_TEACHER_ANALYSIS_ONLY
170,1646798400000,2022-03-09 04:00:00+00:00,Long,1646798400000,2022-03-09 04:00:00+00:00,exact_live_trigger_found,15m_body_close;15m_vwap_reclaim;5m_body_close;5m_wick_rejection;5m_vwap_reclaim,18.545077280317194,0.6190693864103022,YES,NO_TEACHER_ANALYSIS_ONLY
171,1647795600000,2022-03-20 17:00:00+00:00,Long,1647795600000,2022-03-20 17:00:00+00:00,exact_live_trigger_found,15m_wick_rejection;5m_body_close;5m_wick_rejection,28.167590404622622,0.07941671011439184,YES,NO_TEACHER_ANALYSIS_ONLY
172,1648425600000,2022-03-28 00:00:00+00:00,Long,1648425600000,2022-03-28 00:00:00+00:00,exact_live_trigger_found,15m_body_close;15m_wick_rejection;5m_body_close;5m_wick_rejection,39.90370662643595,0.7996345911008012,YES,NO_TEACHER_ANALYSIS_ONLY
173,1648753200000,2022-03-31 19:00:00+00:00,Long,1648753200000,2022-03-31 19:00:00+00:00,exact_live_trigger_found,15m_body_close;5m_body_close;5m_wick_rejection,21.875094369795683,0.6782569331617038,YES,NO_TEACHER_ANALYSIS_ONLY
174,1648782000000,2022-04-01 03:00:00+00:00,Short,1648782000000,2022-04-01 03:00:00+00:00,exact_live_trigger_found,15m_body_close;15m_wick_rejection;5m_body_close;5m_wick_rejection,37.55639538188676,0.8554236893586395,YES,NO_TEACHER_ANALYSIS_ONLY
175,1649714400000,2022-04-11 22:00:00+00:00,Short,1649714400000,2022-04-11 22:00:00+00:00,exact_live_trigger_found,15m_body_close;15m_wick_rejection;5m_body_close;5m_wick_rejection,54.39784739229475,0.8927649962873212,YES,NO_TEACHER_ANALYSIS_ONLY
176,1651766400000,2022-05-05 16:00:00+00:00,Short,1651766400000,2022-05-05 16:00:00+00:00,exact_live_trigger_found,15m_body_close;15m_wick_rejection;5m_body_close;5m_wick_rejection,40.549816838472,0.9892070603360454,YES,NO_TEACHER_ANALYSIS_ONLY
177,1651982400000,2022-05-08 04:00:00+00:00,Short,1651982400000,2022-05-08 04:00:00+00:00,exact_live_trigger_found,15m_body_close;15m_vwap_reclaim;5m_body_close;5m_wick_rejection;5m_vwap_reclaim,40.891241365413165,0.4939719990685675,YES,NO_TEACHER_ANALYSIS_ONLY
178,1652108400000,2022-05-09 15:00:00+00:00,Short,1652108400000,2022-05-09 15:00:00+00:00,exact_live_trigger_found,15m_body_close;15m_wick_rejection;15m_vwap_reclaim;5m_body_close;5m_wick_rejection;5m_vwap_reclaim,52.793559215948136,0.7471350475146514,YES,NO_TEACHER_ANALYSIS_ONLY
179,1652266800000,2022-05-11 11:00:00+00:00,Long,1652266800000,2022-05-11 11:00:00+00:00,exact_live_trigger_found,15m_body_close;15m_wick_rejection;5m_body_close;5m_wick_rejection,15.261954153200467,0.9212309668117601,YES,NO_TEACHER_ANALYSIS_ONLY
180,1652274000000,2022-05-11 13:00:00+00:00,Short,1652274000000,2022-05-11 13:00:00+00:00,exact_live_trigger_found,15m_body_close;15m_wick_rejection;5m_body_close;5m_wick_rejection,16.29424079142943,1.0,YES,NO_TEACHER_ANALYSIS_ONLY
181,1652284800000,2022-05-11 16:00:00+00:00,Short,1652284800000,2022-05-11 16:00:00+00:00,exact_live_trigger_found,15m_body_close;15m_wick_rejection;15m_vwap_reclaim;5m_body_close;5m_wick_rejection;5m_vwap_reclaim,17.422357245335707,1.0,YES,NO_TEACHER_ANALYSIS_ONLY
182,1652403600000,2022-05-13 01:00:00+00:00,Long,1652403600000,2022-05-13 01:00:00+00:00,exact_live_trigger_found,15m_wick_rejection;15m_vwap_reclaim;5m_body_close;5m_wick_rejection;5m_vwap_reclaim,16.471870727650135,0.7742878146582917,YES,NO_TEACHER_ANALYSIS_ONLY
183,1654106400000,2022-06-01 18:00:00+00:00,Short,1654106400000,2022-06-01 18:00:00+00:00,exact_live_trigger_found,15m_body_close;15m_wick_rejection;15m_vwap_reclaim;5m_body_close;5m_wick_rejection;5m_vwap_reclaim,30.027747418215657,0.8727461916166316,YES,NO_TEACHER_ANALYSIS_ONLY
184,1654488000000,2022-06-06 04:00:00+00:00,Long,1654488000000,2022-06-06 04:00:00+00:00,exact_live_trigger_found,15m_wick_rejection;5m_body_close;5m_wick_rejection,32.77862171687538,0.4879741396148975,YES,NO_TEACHER_ANALYSIS_ONLY
185,1654567200000,2022-06-07 02:00:00+00:00,Short,1654567200000,2022-06-07 02:00:00+00:00,exact_live_trigger_found,15m_body_close;15m_wick_rejection;5m_body_close;5m_wick_rejection,43.85174452196077,0.9308641874470733,YES,NO_TEACHER_ANALYSIS_ONLY
186,1654660800000,2022-06-08 04:00:00+00:00,Short,1654660800000,2022-06-08 04:00:00+00:00,exact_live_trigger_found,15m_body_close;15m_wick_rejection;15m_vwap_reclaim;5m_body_close;5m_wick_rejection,27.624481996401972,1.0,YES,NO_TEACHER_ANALYSIS_ONLY
187,1655085600000,2022-06-13 02:00:00+00:00,Short,1655085600000,2022-06-13 02:00:00+00:00,exact_live_trigger_found,15m_body_close;15m_wick_rejection;15m_vwap_reclaim;5m_body_close;5m_wick_rejection;5m_vwap_reclaim,40.54107189609947,0.8578447561685997,YES,NO_TEACHER_ANALYSIS_ONLY
188,1655168400000,2022-06-14 01:00:00+00:00,Short,1655168400000,2022-06-14 01:00:00+00:00,exact_live_trigger_found,15m_body_close;15m_wick_rejection;15m_vwap_reclaim;5m_body_close;5m_wick_rejection;5m_vwap_reclaim,46.88597059549957,0.9623544084878444,YES,NO_TEACHER_ANALYSIS_ONLY
189,1655280000000,2022-06-15 08:00:00+00:00,Short,1655280000000,2022-06-15 08:00:00+00:00,exact_live_trigger_found,15m_body_close;15m_wick_rejection;15m_vwap_reclaim;5m_body_close;5m_wick_rejection;5m_vwap_reclaim,25.00307826694462,0.6750218343494332,YES,NO_TEACHER_ANALYSIS_ONLY
190,1655330400000,2022-06-15 22:00:00+00:00,Long,1655330400000,2022-06-15 22:00:00+00:00,exact_live_trigger_found,15m_body_close;5m_body_close;5m_wick_rejection,17.762875492806007,0.9512050267755743,YES,NO_TEACHER_ANALYSIS_ONLY
191,1655542800000,2022-06-18 09:00:00+00:00,Short,1655542800000,2022-06-18 09:00:00+00:00,exact_live_trigger_found,15m_body_close;15m_wick_rejection;5m_body_close;5m_wick_rejection,18.079243771593287,0.31048970753362104,YES,NO_TEACHER_ANALYSIS_ONLY
192,1655636400000,2022-06-19 11:00:00+00:00,Long,1655636400000,2022-06-19 11:00:00+00:00,nearby_trigger_found,5m_body_close;5m_wick_rejection,25.467017956393022,0.5512739983694915,YES,NO_TEACHER_ANALYSIS_ONLY
193,1656637200000,2022-07-01 01:00:00+00:00,Long,1656637200000,2022-07-01 01:00:00+00:00,exact_live_trigger_found,15m_body_close;15m_wick_rejection;15m_vwap_reclaim;5m_body_close;5m_wick_rejection;5m_vwap_reclaim,46.3984108657253,0.6826496461546538,YES,NO_TEACHER_ANALYSIS_ONLY
194,1657224000000,2022-07-07 20:00:00+00:00,Long,1657224000000,2022-07-07 20:00:00+00:00,exact_live_trigger_found,15m_wick_rejection;5m_body_close;5m_wick_rejection,39.522771935552186,0.4816368087910128,YES,NO_TEACHER_ANALYSIS_ONLY
195,1657735200000,2022-07-13 18:00:00+00:00,Long,1657735200000,2022-07-13 18:00:00+00:00,exact_live_trigger_found,15m_body_close;15m_wick_rejection;15m_vwap_reclaim;5m_body_close;5m_wick_rejection;5m_vwap_reclaim,26.522794956906466,0.8871689407097685,YES,NO_TEACHER_ANALYSIS_ONLY
196,1658127600000,2022-07-18 07:00:00+00:00,Long,1658127600000,2022-07-18 07:00:00+00:00,exact_live_trigger_found,15m_wick_rejection;5m_body_close;5m_wick_rejection;5m_vwap_reclaim,25.43517441086629,0.6243025337011943,YES,NO_TEACHER_ANALYSIS_ONLY
197,1658372400000,2022-07-21 03:00:00+00:00,Short,1658372400000,2022-07-21 03:00:00+00:00,exact_live_trigger_found,15m_body_close;15m_wick_rejection;15m_vwap_reclaim;5m_body_close;5m_wick_rejection;5m_vwap_reclaim,27.94116327889386,0.9499194195376566,YES,NO_TEACHER_ANALYSIS_ONLY
198,1660258800000,2022-08-11 23:00:00+00:00,Short,1660258800000,2022-08-11 23:00:00+00:00,exact_live_trigger_found,15m_wick_rejection;5m_body_close;5m_wick_rejection,37.41267482652894,0.9056794308184077,YES,NO_TEACHER_ANALYSIS_ONLY
199,1660546800000,2022-08-15 07:00:00+00:00,Short,1660546800000,2022-08-15 07:00:00+00:00,exact_live_trigger_found,15m_wick_rejection;15m_vwap_reclaim;5m_body_close;5m_wick_rejection;5m_vwap_reclaim,20.88614155843859,0.8158454892291678,YES,NO_TEACHER_ANALYSIS_ONLY
200,1660892400000,2022-08-19 07:00:00+00:00,Short,1660892400000,2022-08-19 07:00:00+00:00,exact_live_trigger_found,15m_body_close;15m_wick_rejection;15m_vwap_reclaim;5m_body_close;5m_wick_rejection;5m_vwap_reclaim,36.63316845714851,0.8340961125617216,YES,NO_TEACHER_ANALYSIS_ONLY
201,1661796000000,2022-08-29 18:00:00+00:00,Short,1661796000000,2022-08-29 18:00:00+00:00,exact_live_trigger_found,15m_body_close;15m_wick_rejection;15m_vwap_reclaim;5m_body_close;5m_wick_rejection;5m_vwap_reclaim,27.979869043196132,0.27110184064644016,YES,NO_TEACHER_ANALYSIS_ONLY
202,1662494400000,2022-09-06 20:00:00+00:00,Short,1662494400000,2022-09-06 20:00:00+00:00,exact_live_trigger_found,15m_body_close;15m_wick_rejection;5m_body_close;5m_wick_rejection,28.995534974010027,0.9864519633515436,YES,NO_TEACHER_ANALYSIS_ONLY
203,1662703200000,2022-09-09 06:00:00+00:00,Long,1662703200000,2022-09-09 06:00:00+00:00,exact_live_trigger_found,15m_body_close;15m_wick_rejection;15m_vwap_reclaim;5m_body_close;5m_wick_rejection;5m_vwap_reclaim,23.15846214266939,0.911202272934201,YES,NO_TEACHER_ANALYSIS_ONLY
204,1663074000000,2022-09-13 13:00:00+00:00,Short,1663074000000,2022-09-13 13:00:00+00:00,exact_live_trigger_found,15m_body_close;15m_wick_rejection;15m_vwap_reclaim;5m_body_close;5m_wick_rejection;5m_vwap_reclaim,27.81386307299152,1.0,YES,NO_TEACHER_ANALYSIS_ONLY
205,1663095600000,2022-09-13 19:00:00+00:00,Short,1663095600000,2022-09-13 19:00:00+00:00,nearby_trigger_found,5m_body_close;5m_wick_rejection,33.75866596329754,1.0,YES,NO_TEACHER_ANALYSIS_ONLY
206,1663556400000,2022-09-19 03:00:00+00:00,Short,1663556400000,2022-09-19 03:00:00+00:00,exact_live_trigger_found,15m_body_close;15m_wick_rejection;5m_body_close;5m_wick_rejection,41.46917824960159,0.41415092594359454,YES,NO_TEACHER_ANALYSIS_ONLY
207,1663790400000,2022-09-21 20:00:00+00:00,Short,1663790400000,2022-09-21 20:00:00+00:00,exact_live_trigger_found,15m_body_close;15m_wick_rejection;15m_vwap_reclaim;5m_body_close;5m_wick_rejection;5m_vwap_reclaim,19.336871212482485,1.0,YES,NO_TEACHER_ANALYSIS_ONLY
208,1664258400000,2022-09-27 06:00:00+00:00,Long,1664258400000,2022-09-27 06:00:00+00:00,exact_live_trigger_found,15m_body_close;5m_body_close;5m_wick_rejection,28.87557771484124,0.4204403500013271,YES,NO_TEACHER_ANALYSIS_ONLY
209,1664301600000,2022-09-27 18:00:00+00:00,Short,1664301600000,2022-09-27 18:00:00+00:00,exact_live_trigger_found,15m_body_close;15m_wick_rejection;5m_body_close;5m_wick_rejection,41.694394472328575,0.5898480833989557,YES,NO_TEACHER_ANALYSIS_ONLY
210,1665680400000,2022-10-13 17:00:00+00:00,Long,1665680400000,2022-10-13 17:00:00+00:00,exact_live_trigger_found,15m_wick_rejection;15m_vwap_reclaim;5m_body_close;5m_wick_rejection;5m_vwap_reclaim,38.7860563600638,1.0,YES,NO_TEACHER_ANALYSIS_ONLY
211,1666728000000,2022-10-25 20:00:00+00:00,Long,1666728000000,2022-10-25 20:00:00+00:00,exact_live_trigger_found,15m_body_close;15m_vwap_reclaim;5m_body_close;5m_wick_rejection;5m_vwap_reclaim,31.036963305508053,1.0,YES,NO_TEACHER_ANALYSIS_ONLY
212,1666926000000,2022-10-28 03:00:00+00:00,Long,1666926000000,2022-10-28 03:00:00+00:00,exact_live_trigger_found,15m_body_close;15m_wick_rejection;15m_vwap_reclaim;5m_body_close;5m_wick_rejection;5m_vwap_reclaim,23.802631275939188,0.7345538296519448,YES,NO_TEACHER_ANALYSIS_ONLY
213,1667887200000,2022-11-08 06:00:00+00:00,Short,1667887200000,2022-11-08 06:00:00+00:00,exact_live_trigger_found,15m_body_close;15m_wick_rejection;5m_body_close;5m_wick_rejection,43.05318627167014,1.0,YES,NO_TEACHER_ANALYSIS_ONLY
214,1668009600000,2022-11-09 16:00:00+00:00,Short,1668009600000,2022-11-09 16:00:00+00:00,exact_live_trigger_found,15m_body_close;15m_wick_rejection;15m_vwap_reclaim;5m_body_close;5m_wick_rejection;5m_vwap_reclaim,49.79317508182209,0.8379889626480238,YES,NO_TEACHER_ANALYSIS_ONLY
215,1668045600000,2022-11-10 02:00:00+00:00,Long,1668045600000,2022-11-10 02:00:00+00:00,exact_live_trigger_found,15m_body_close;15m_wick_rejection;15m_vwap_reclaim;5m_body_close;5m_wick_rejection;5m_vwap_reclaim,56.8949024629714,0.9415277548469813,NO,NO_TEACHER_ANALYSIS_ONLY
216,1668740400000,2022-11-18 03:00:00+00:00,Short,1668740400000,2022-11-18 03:00:00+00:00,exact_live_trigger_found,15m_body_close;15m_wick_rejection;15m_vwap_reclaim;5m_body_close;5m_wick_rejection;5m_vwap_reclaim,16.089815629580734,0.03841875626701522,YES,NO_TEACHER_ANALYSIS_ONLY
217,1671069600000,2022-12-15 02:00:00+00:00,Short,1671069600000,2022-12-15 02:00:00+00:00,exact_live_trigger_found,15m_body_close;15m_wick_rejection;5m_body_close;5m_wick_rejection,32.87069309080537,0.8553168599551639,YES,NO_TEACHER_ANALYSIS_ONLY
218,1671552000000,2022-12-20 16:00:00+00:00,Short,1671552000000,2022-12-20 16:00:00+00:00,exact_live_trigger_found,15m_body_close;15m_wick_rejection;5m_body_close;5m_wick_rejection;5m_vwap_reclaim,24.392934174774084,0.5711887672102749,YES,NO_TEACHER_ANALYSIS_ONLY
219,1673557200000,2023-01-12 21:00:00+00:00,Long,1673557200000,2023-01-12 21:00:00+00:00,exact_live_trigger_found,15m_body_close;5m_body_close;5m_wick_rejection,46.533828885425464,1.0,YES,NO_TEACHER_ANALYSIS_ONLY
220,1673690400000,2023-01-14 10:00:00+00:00,Short,1673690400000,2023-01-14 10:00:00+00:00,exact_live_trigger_found,15m_body_close;5m_body_close;5m_wick_rejection,66.22123090825828,0.9001125647808133,NO,NO_TEACHER_ANALYSIS_ONLY
221,1674252000000,2023-01-20 22:00:00+00:00,Long,1674252000000,2023-01-20 22:00:00+00:00,exact_live_trigger_found,15m_body_close;15m_wick_rejection;15m_vwap_reclaim;5m_body_close;5m_wick_rejection;5m_vwap_reclaim,30.68127421375239,0.5627642555067391,YES,NO_TEACHER_ANALYSIS_ONLY
222,1674615600000,2023-01-25 03:00:00+00:00,Long,1674615600000,2023-01-25 03:00:00+00:00,exact_live_trigger_found,15m_body_close;15m_wick_rejection;15m_vwap_reclaim;5m_body_close;5m_vwap_reclaim,25.390514057390227,0.4580806438804817,YES,NO_TEACHER_ANALYSIS_ONLY
223,1676232000000,2023-02-12 20:00:00+00:00,Short,1676232000000,2023-02-12 20:00:00+00:00,exact_live_trigger_found,15m_body_close;15m_wick_rejection;15m_vwap_reclaim;5m_body_close;5m_wick_rejection;5m_vwap_reclaim,30.60456900957025,0.1468007192535436,YES,NO_TEACHER_ANALYSIS_ONLY
224,1676592000000,2023-02-17 00:00:00+00:00,Short,1676592000000,2023-02-17 00:00:00+00:00,exact_live_trigger_found,15m_body_close;5m_body_close;5m_wick_rejection,48.65090546804076,1.0,YES,NO_TEACHER_ANALYSIS_ONLY
225,1677812400000,2023-03-03 03:00:00+00:00,Short,1677812400000,2023-03-03 03:00:00+00:00,exact_live_trigger_found,15m_body_close;15m_vwap_reclaim;5m_body_close;5m_wick_rejection;5m_vwap_reclaim,21.39108049000934,0.9765766700846418,YES,NO_TEACHER_ANALYSIS_ONLY
226,1678500000000,2023-03-11 02:00:00+00:00,Long,1678500000000,2023-03-11 02:00:00+00:00,exact_live_trigger_found,15m_body_close;15m_vwap_reclaim;5m_body_close;5m_wick_rejection;5m_vwap_reclaim,41.33987448736647,0.90038010733776,YES,NO_TEACHER_ANALYSIS_ONLY
227,1678658400000,2023-03-12 22:00:00+00:00,Long,1678658400000,2023-03-12 22:00:00+00:00,exact_live_trigger_found,15m_body_close;15m_wick_rejection;5m_body_close;5m_wick_rejection;5m_vwap_reclaim,28.34969964467742,0.8032089457362646,YES,NO_TEACHER_ANALYSIS_ONLY
228,1678719600000,2023-03-13 15:00:00+00:00,Long,1678719600000,2023-03-13 15:00:00+00:00,exact_live_trigger_found,15m_body_close;5m_body_close;5m_wick_rejection,47.26113892557105,1.0,YES,NO_TEACHER_ANALYSIS_ONLY
229,1678798800000,2023-03-14 13:00:00+00:00,Long,1678798800000,2023-03-14 13:00:00+00:00,exact_live_trigger_found,15m_body_close;15m_wick_rejection;5m_body_close;5m_wick_rejection,61.63548396851948,0.9690126348963954,YES,NO_TEACHER_ANALYSIS_ONLY
230,1678899600000,2023-03-15 17:00:00+00:00,Short,1678899600000,2023-03-15 17:00:00+00:00,exact_live_trigger_found,15m_body_close;15m_wick_rejection;15m_vwap_reclaim;5m_body_close;5m_wick_rejection,19.219093766814616,0.8002195896571829,YES,NO_TEACHER_ANALYSIS_ONLY
231,1679050800000,2023-03-17 11:00:00+00:00,Long,1679050800000,2023-03-17 11:00:00+00:00,exact_live_trigger_found,15m_body_close;15m_wick_rejection;15m_vwap_reclaim;5m_body_close;5m_wick_rejection;5m_vwap_reclaim,42.1364073042057,0.5922170730921685,YES,NO_TEACHER_ANALYSIS_ONLY
232,1681167600000,2023-04-10 23:00:00+00:00,Long,1681167600000,2023-04-10 23:00:00+00:00,exact_live_trigger_found,15m_body_close;15m_wick_rejection;5m_body_close;5m_wick_rejection,43.13066129679963,0.7118210994296043,YES,NO_TEACHER_ANALYSIS_ONLY
233,1681894800000,2023-04-19 09:00:00+00:00,Short,1681894800000,2023-04-19 09:00:00+00:00,exact_live_trigger_found,15m_body_close;15m_wick_rejection;15m_vwap_reclaim;5m_body_close;5m_wick_rejection,20.968065023828554,0.8339894955631235,YES,NO_TEACHER_ANALYSIS_ONLY
234,1682539200000,2023-04-26 20:00:00+00:00,Short,1682539200000,2023-04-26 20:00:00+00:00,exact_live_trigger_found,15m_body_close;15m_wick_rejection;5m_body_close;5m_wick_rejection,56.70681160124163,1.0,YES,NO_TEACHER_ANALYSIS_ONLY
235,1682553600000,2023-04-27 00:00:00+00:00,Long,1682553600000,2023-04-27 00:00:00+00:00,exact_live_trigger_found,15m_body_close;15m_wick_rejection;5m_body_close;5m_wick_rejection;5m_vwap_reclaim,49.25209521754234,0.9490035572683497,YES,NO_TEACHER_ANALYSIS_ONLY
236,1683730800000,2023-05-10 15:00:00+00:00,Short,1683730800000,2023-05-10 15:00:00+00:00,exact_live_trigger_found,15m_body_close;15m_wick_rejection;5m_body_close;5m_wick_rejection,22.039001322495928,0.4302759369919314,YES,NO_TEACHER_ANALYSIS_ONLY
237,1686070800000,2023-06-06 17:00:00+00:00,Long,1686070800000,2023-06-06 17:00:00+00:00,exact_live_trigger_found,15m_body_close;15m_wick_rejection;15m_vwap_reclaim;5m_body_close;5m_wick_rejection;5m_vwap_reclaim,41.53955958310912,0.9212195668917318,YES,NO_TEACHER_ANALYSIS_ONLY
238,1687291200000,2023-06-20 20:00:00+00:00,Long,1687291200000,2023-06-20 20:00:00+00:00,exact_live_trigger_found,15m_body_close;15m_wick_rejection;15m_vwap_reclaim;5m_body_close;5m_wick_rejection;5m_vwap_reclaim,41.37617958004391,1.0,YES,NO_TEACHER_ANALYSIS_ONLY
239,1691600400000,2023-08-09 17:00:00+00:00,Short,1691600400000,2023-08-09 17:00:00+00:00,exact_live_trigger_found,15m_body_close;15m_wick_rejection;15m_vwap_reclaim;5m_body_close;5m_wick_rejection;5m_vwap_reclaim,42.384140669340056,0.8471334546540443,YES,NO_TEACHER_ANALYSIS_ONLY
240,1692824400000,2023-08-23 21:00:00+00:00,Short,1692824400000,2023-08-23 21:00:00+00:00,exact_live_trigger_found,15m_body_close;15m_wick_rejection;15m_vwap_reclaim;5m_body_close;5m_wick_rejection;5m_vwap_reclaim,27.542435038775853,0.36413191596171923,YES,NO_TEACHER_ANALYSIS_ONLY
241,1694491200000,2023-09-12 04:00:00+00:00,Long,1694491200000,2023-09-12 04:00:00+00:00,exact_live_trigger_found,15m_body_close;15m_wick_rejection;5m_body_close;5m_wick_rejection,47.52387628993086,0.8150166494365284,YES,NO_TEACHER_ANALYSIS_ONLY
242,1698102000000,2023-10-23 23:00:00+00:00,Long,1698102000000,2023-10-23 23:00:00+00:00,exact_live_trigger_found,15m_body_close;15m_vwap_reclaim;5m_body_close;5m_wick_rejection;5m_vwap_reclaim,36.78347350594293,1.0,YES,NO_TEACHER_ANALYSIS_ONLY
243,1700589600000,2023-11-21 18:00:00+00:00,Short,1700589600000,2023-11-21 18:00:00+00:00,exact_live_trigger_found,15m_body_close;15m_wick_rejection;5m_body_close;5m_wick_rejection,36.48027089662493,0.9092427076429354,YES,NO_TEACHER_ANALYSIS_ONLY
244,1703545200000,2023-12-25 23:00:00+00:00,Short,1703545200000,2023-12-25 23:00:00+00:00,exact_live_trigger_found,15m_body_close;15m_wick_rejection;15m_vwap_reclaim;5m_body_close;5m_wick_rejection;5m_vwap_reclaim,22.860970297423595,0.28579583038107864,NO,NO_TEACHER_ANALYSIS_ONLY
245,1703862000000,2023-12-29 15:00:00+00:00,Short,1703862000000,2023-12-29 15:00:00+00:00,exact_live_trigger_found,15m_body_close;15m_wick_rejection;15m_vwap_reclaim;5m_body_close;5m_wick_rejection;5m_vwap_reclaim,20.383564087289056,0.4614799046680543,NO,NO_TEACHER_ANALYSIS_ONLY
246,1704016800000,2023-12-31 10:00:00+00:00,Short,1704016800000,2023-12-31 10:00:00+00:00,exact_live_trigger_found,15m_body_close;15m_vwap_reclaim;5m_body_close;5m_wick_rejection;5m_vwap_reclaim,16.01529452089755,0.43845295654426675,YES,NO_TEACHER_ANALYSIS_ONLY
247,1704157200000,2024-01-02 01:00:00+00:00,Long,1704157200000,2024-01-02 01:00:00+00:00,exact_live_trigger_found,15m_wick_rejection;5m_body_close;5m_wick_rejection,34.17139152329957,0.9745670775901609,NO,NO_TEACHER_ANALYSIS_ONLY
248,1704283200000,2024-01-03 12:00:00+00:00,Short,1704283200000,2024-01-03 12:00:00+00:00,exact_live_trigger_found,15m_body_close;5m_body_close;5m_wick_rejection,27.324587469826227,1.0,YES,NO_TEACHER_ANALYSIS_ONLY
249,1704740400000,2024-01-08 19:00:00+00:00,Long,1704740400000,2024-01-08 19:00:00+00:00,exact_live_trigger_found,15m_body_close;15m_vwap_reclaim;5m_body_close;5m_wick_rejection;5m_vwap_reclaim,32.1826768293365,0.643697000563377,YES,NO_TEACHER_ANALYSIS_ONLY
250,1707908400000,2024-02-14 11:00:00+00:00,Long,1707908400000,2024-02-14 11:00:00+00:00,exact_live_trigger_found,15m_body_close;15m_wick_rejection;15m_vwap_reclaim;5m_body_close;5m_wick_rejection;5m_vwap_reclaim,23.89324021516662,0.9787547830239587,YES,NO_TEACHER_ANALYSIS_ONLY
251,1708189200000,2024-02-17 17:00:00+00:00,Long,1708189200000,2024-02-17 17:00:00+00:00,exact_live_trigger_found,15m_body_close;15m_wick_rejection;15m_vwap_reclaim;5m_body_close;5m_wick_rejection;5m_vwap_reclaim,22.395097129429672,0.3973257853741001,YES,NO_TEACHER_ANALYSIS_ONLY
252,1708977600000,2024-02-26 20:00:00+00:00,Long,1708977600000,2024-02-26 20:00:00+00:00,exact_live_trigger_found,15m_body_close;15m_wick_rejection;5m_body_close;5m_wick_rejection,34.885782877438004,0.8557925330442724,YES,NO_TEACHER_ANALYSIS_ONLY
253,1709118000000,2024-02-28 11:00:00+00:00,Long,1709118000000,2024-02-28 11:00:00+00:00,exact_live_trigger_found,15m_body_close;15m_wick_rejection;5m_body_close;5m_wick_rejection,62.166718897657155,0.8323062312985964,YES,NO_TEACHER_ANALYSIS_ONLY
254,1709208000000,2024-02-29 12:00:00+00:00,Short,1709208000000,2024-02-29 12:00:00+00:00,exact_live_trigger_found,15m_body_close;15m_wick_rejection;5m_body_close;5m_wick_rejection,45.289557283728556,0.7726605002809085,NO,NO_TEACHER_ANALYSIS_ONLY
255,1709326800000,2024-03-01 21:00:00+00:00,Short,1709326800000,2024-03-01 21:00:00+00:00,exact_live_trigger_found,15m_body_close;15m_wick_rejection;15m_vwap_reclaim;5m_body_close;5m_wick_rejection;5m_vwap_reclaim,15.547409656185806,0.49755874625034324,NO,NO_TEACHER_ANALYSIS_ONLY
256,1709582400000,2024-03-04 20:00:00+00:00,Short,1709582400000,2024-03-04 20:00:00+00:00,exact_live_trigger_found,15m_wick_rejection;5m_body_close;5m_wick_rejection,66.39189205220035,0.6128208076429101,NO,NO_TEACHER_ANALYSIS_ONLY
257,1709647200000,2024-03-05 14:00:00+00:00,Short,1709647200000,2024-03-05 14:00:00+00:00,exact_live_trigger_found,15m_body_close;15m_wick_rejection;5m_body_close;5m_wick_rejection,41.16750816962473,0.7214845561394977,NO,NO_TEACHER_ANALYSIS_ONLY
258,1709658000000,2024-03-05 17:00:00+00:00,Short,1709658000000,2024-03-05 17:00:00+00:00,exact_live_trigger_found,15m_body_close;5m_body_close;5m_wick_rejection,36.005740041065366,1.0,NO,NO_TEACHER_ANALYSIS_ONLY
259,1709704800000,2024-03-06 06:00:00+00:00,Long,1709704800000,2024-03-06 06:00:00+00:00,exact_live_trigger_found,15m_body_close;15m_wick_rejection;5m_body_close;5m_wick_rejection,35.47339777845496,0.8352155169633407,NO,NO_TEACHER_ANALYSIS_ONLY
260,1710190800000,2024-03-11 21:00:00+00:00,Short,1710190800000,2024-03-11 21:00:00+00:00,exact_live_trigger_found,15m_body_close;15m_wick_rejection;5m_body_close;5m_wick_rejection,34.28708884645135,0.29792553267808947,NO,NO_TEACHER_ANALYSIS_ONLY
261,1710313200000,2024-03-13 07:00:00+00:00,Short,1710313200000,2024-03-13 07:00:00+00:00,exact_live_trigger_found,15m_body_close;15m_wick_rejection;15m_vwap_reclaim;5m_body_close;5m_wick_rejection;5m_vwap_reclaim,22.01344614418181,0.27601232616627047,YES,NO_TEACHER_ANALYSIS_ONLY
262,1712034000000,2024-04-02 05:00:00+00:00,Short,1712034000000,2024-04-02 05:00:00+00:00,exact_live_trigger_found,15m_body_close;15m_wick_rejection;5m_body_close;5m_wick_rejection,34.842226165057525,0.8173748696915097,YES,NO_TEACHER_ANALYSIS_ONLY
263,1712599200000,2024-04-08 18:00:00+00:00,Short,1712599200000,2024-04-08 18:00:00+00:00,exact_live_trigger_found,15m_body_close;15m_wick_rejection;15m_vwap_reclaim;5m_body_close;5m_wick_rejection;5m_vwap_reclaim,42.09817042100691,0.5387369325303375,NO,NO_TEACHER_ANALYSIS_ONLY
264,1714752000000,2024-05-03 16:00:00+00:00,Long,1714752000000,2024-05-03 16:00:00+00:00,exact_live_trigger_found,15m_body_close;15m_wick_rejection;5m_body_close;5m_wick_rejection,28.600626100718003,0.533691979007453,YES,NO_TEACHER_ANALYSIS_ONLY
265,1715788800000,2024-05-15 16:00:00+00:00,Long,1715788800000,2024-05-15 16:00:00+00:00,exact_live_trigger_found,15m_body_close;15m_wick_rejection;5m_body_close;5m_wick_rejection,39.022776456951654,0.8479358774007048,YES,NO_TEACHER_ANALYSIS_ONLY
266,1718222400000,2024-06-12 20:00:00+00:00,Short,1718222400000,2024-06-12 20:00:00+00:00,exact_live_trigger_found,15m_body_close;5m_body_close;5m_wick_rejection,34.50251988390588,1.0,YES,NO_TEACHER_ANALYSIS_ONLY
267,1720450800000,2024-07-08 15:00:00+00:00,Short,1720450800000,2024-07-08 15:00:00+00:00,exact_live_trigger_found,15m_body_close;15m_vwap_reclaim;5m_body_close;5m_wick_rejection;5m_vwap_reclaim,26.53846528206287,0.9046343495478426,YES,NO_TEACHER_ANALYSIS_ONLY
268,1722610800000,2024-08-02 15:00:00+00:00,Short,1722610800000,2024-08-02 15:00:00+00:00,exact_live_trigger_found,15m_body_close;15m_wick_rejection;5m_body_close;5m_wick_rejection,23.763302452349052,1.0,YES,NO_TEACHER_ANALYSIS_ONLY
269,1722819600000,2024-08-05 01:00:00+00:00,Short,1722819600000,2024-08-05 01:00:00+00:00,exact_live_trigger_found,15m_body_close;5m_body_close;5m_wick_rejection;5m_vwap_reclaim,51.66025962710741,1.0,YES,NO_TEACHER_ANALYSIS_ONLY
270,1723132800000,2024-08-08 16:00:00+00:00,Long,1723132800000,2024-08-08 16:00:00+00:00,exact_live_trigger_found,15m_body_close;5m_body_close;5m_wick_rejection,24.770201073354496,0.37793227909056415,YES,NO_TEACHER_ANALYSIS_ONLY
271,1724446800000,2024-08-23 21:00:00+00:00,Long,1724446800000,2024-08-23 21:00:00+00:00,exact_live_trigger_found,15m_wick_rejection;15m_vwap_reclaim;5m_body_close;5m_wick_rejection;5m_vwap_reclaim,39.636401353330406,0.6637504852613515,YES,NO_TEACHER_ANALYSIS_ONLY
272,1730476800000,2024-11-01 16:00:00+00:00,Short,1730476800000,2024-11-01 16:00:00+00:00,exact_live_trigger_found,15m_body_close;15m_wick_rejection;15m_vwap_reclaim;5m_body_close;5m_wick_rejection;5m_vwap_reclaim,34.76174836192292,1.0,YES,NO_TEACHER_ANALYSIS_ONLY
273,1731290400000,2024-11-11 02:00:00+00:00,Short,1731290400000,2024-11-11 02:00:00+00:00,nearby_trigger_found,5m_body_close;5m_wick_rejection,42.5761889682124,0.7226026161316967,NO,NO_TEACHER_ANALYSIS_ONLY
274,1731351600000,2024-11-11 19:00:00+00:00,Long,1731351600000,2024-11-11 19:00:00+00:00,exact_live_trigger_found,15m_wick_rejection;15m_vwap_reclaim;5m_body_close;5m_wick_rejection;5m_vwap_reclaim,47.130438832612704,0.8093348519429808,YES,NO_TEACHER_ANALYSIS_ONLY
275,1731376800000,2024-11-12 02:00:00+00:00,Short,1731376800000,2024-11-12 02:00:00+00:00,exact_live_trigger_found,15m_body_close;15m_wick_rejection;15m_vwap_reclaim;5m_body_close;5m_wick_rejection;5m_vwap_reclaim,55.84129199188017,0.9928354420540831,NO,NO_TEACHER_ANALYSIS_ONLY
276,1731438000000,2024-11-12 19:00:00+00:00,Short,1731438000000,2024-11-12 19:00:00+00:00,exact_live_trigger_found,15m_body_close;15m_wick_rejection;15m_vwap_reclaim;5m_body_close;5m_wick_rejection;5m_vwap_reclaim,28.579410708711535,1.0,NO,NO_TEACHER_ANALYSIS_ONLY
277,1731513600000,2024-11-13 16:00:00+00:00,Long,1731513600000,2024-11-13 16:00:00+00:00,exact_live_trigger_found,15m_body_close;5m_body_close;5m_wick_rejection,20.06353132781445,0.9012833351169619,YES,NO_TEACHER_ANALYSIS_ONLY
278,1731603600000,2024-11-14 17:00:00+00:00,Long,1731603600000,2024-11-14 17:00:00+00:00,exact_live_trigger_found,15m_body_close;15m_vwap_reclaim;5m_body_close;5m_wick_rejection;5m_vwap_reclaim,16.38652150482592,0.8440865529079775,YES,NO_TEACHER_ANALYSIS_ONLY
279,1733367600000,2024-12-05 03:00:00+00:00,Long,1733367600000,2024-12-05 03:00:00+00:00,exact_live_trigger_found,15m_wick_rejection;5m_body_close;5m_wick_rejection,26.590196804543204,0.9598255464572012,YES,NO_TEACHER_ANALYSIS_ONLY
280,1733428800000,2024-12-05 20:00:00+00:00,Short,1733428800000,2024-12-05 20:00:00+00:00,nearby_trigger_found,5m_body_close;5m_wick_rejection,32.61764734041993,0.9942758538047121,NO,NO_TEACHER_ANALYSIS_ONLY
281,1733439600000,2024-12-05 23:00:00+00:00,Short,1733439600000,2024-12-05 23:00:00+00:00,exact_live_trigger_found,15m_body_close;15m_wick_rejection;5m_body_close;5m_wick_rejection,33.781903284598435,1.0,NO,NO_TEACHER_ANALYSIS_ONLY
282,1734505200000,2024-12-18 07:00:00+00:00,Long,1734505200000,2024-12-18 07:00:00+00:00,exact_live_trigger_found,15m_body_close;15m_wick_rejection;15m_vwap_reclaim;5m_body_close;5m_wick_rejection;5m_vwap_reclaim,28.702846978576467,0.570512989551947,YES,NO_TEACHER_ANALYSIS_ONLY
283,1736272800000,2025-01-07 18:00:00+00:00,Short,1736272800000,2025-01-07 18:00:00+00:00,exact_live_trigger_found,15m_body_close;15m_vwap_reclaim;5m_body_close;5m_wick_rejection;5m_vwap_reclaim,36.74079679233365,0.7742411196006596,YES,NO_TEACHER_ANALYSIS_ONLY
284,1736802000000,2025-01-13 21:00:00+00:00,Long,1736802000000,2025-01-13 21:00:00+00:00,exact_live_trigger_found,15m_body_close;15m_wick_rejection;15m_vwap_reclaim;5m_body_close;5m_wick_rejection;5m_vwap_reclaim,27.863305419210263,0.9369343229683067,YES,NO_TEACHER_ANALYSIS_ONLY
285,1737324000000,2025-01-19 22:00:00+00:00,Short,1737324000000,2025-01-19 22:00:00+00:00,exact_live_trigger_found,15m_body_close;15m_wick_rejection;15m_vwap_reclaim;5m_body_close;5m_wick_rejection,16.17528789372746,0.8209518394239598,YES,NO_TEACHER_ANALYSIS_ONLY
286,1737356400000,2025-01-20 07:00:00+00:00,Long,1737356400000,2025-01-20 07:00:00+00:00,exact_live_trigger_found,15m_body_close;15m_wick_rejection;5m_body_close;5m_wick_rejection,26.27058436906407,1.0,YES,NO_TEACHER_ANALYSIS_ONLY
287,1737396000000,2025-01-20 18:00:00+00:00,Short,1737396000000,2025-01-20 18:00:00+00:00,exact_live_trigger_found,15m_body_close;15m_wick_rejection;5m_body_close;5m_wick_rejection,27.36403352932969,1.0,YES,NO_TEACHER_ANALYSIS_ONLY
288,1740470400000,2025-02-25 08:00:00+00:00,Short,1740470400000,2025-02-25 08:00:00+00:00,exact_live_trigger_found,15m_body_close;15m_wick_rejection;15m_vwap_reclaim;5m_body_close;5m_wick_rejection;5m_vwap_reclaim,55.1080666832881,1.0,YES,NO_TEACHER_ANALYSIS_ONLY
289,1740600000000,2025-02-26 20:00:00+00:00,Short,1740600000000,2025-02-26 20:00:00+00:00,exact_live_trigger_found,15m_body_close;15m_wick_rejection;5m_body_close;5m_wick_rejection,49.05553423502421,1.0,YES,NO_TEACHER_ANALYSIS_ONLY
290,1740708000000,2025-02-28 02:00:00+00:00,Short,1740708000000,2025-02-28 02:00:00+00:00,exact_live_trigger_found,15m_body_close;15m_vwap_reclaim;5m_body_close;5m_wick_rejection,37.71130972227867,0.822924675675826,YES,NO_TEACHER_ANALYSIS_ONLY
291,1740758400000,2025-02-28 16:00:00+00:00,Long,1740758400000,2025-02-28 16:00:00+00:00,exact_live_trigger_found,15m_body_close;15m_wick_rejection;15m_vwap_reclaim;5m_body_close;5m_wick_rejection;5m_vwap_reclaim,42.639717402558254,0.9846109245732759,YES,NO_TEACHER_ANALYSIS_ONLY
292,1741014000000,2025-03-03 15:00:00+00:00,Short,1741014000000,2025-03-03 15:00:00+00:00,exact_live_trigger_found,15m_body_close;15m_vwap_reclaim;5m_body_close;5m_wick_rejection;5m_vwap_reclaim,37.16831713193057,0.9115875668105393,YES,NO_TEACHER_ANALYSIS_ONLY
293,1741114800000,2025-03-04 19:00:00+00:00,Long,1741114800000,2025-03-04 19:00:00+00:00,exact_live_trigger_found,15m_body_close;15m_wick_rejection;15m_vwap_reclaim;5m_body_close;5m_wick_rejection;5m_vwap_reclaim,37.54833133616215,0.9076886380819515,YES,NO_TEACHER_ANALYSIS_ONLY
294,1743634800000,2025-04-02 23:00:00+00:00,Short,1743634800000,2025-04-02 23:00:00+00:00,exact_live_trigger_found,15m_body_close;15m_wick_rejection;15m_vwap_reclaim;5m_body_close;5m_wick_rejection;5m_vwap_reclaim,27.708660782984996,1.0,YES,NO_TEACHER_ANALYSIS_ONLY
295,1743969600000,2025-04-06 20:00:00+00:00,Short,1743969600000,2025-04-06 20:00:00+00:00,exact_live_trigger_found,15m_body_close;15m_wick_rejection;15m_vwap_reclaim;5m_body_close;5m_wick_rejection;5m_vwap_reclaim,31.02776064285938,0.41403178780088606,YES,NO_TEACHER_ANALYSIS_ONLY
296,1745359200000,2025-04-22 22:00:00+00:00,Long,1745359200000,2025-04-22 22:00:00+00:00,exact_live_trigger_found,15m_wick_rejection;5m_body_close;5m_wick_rejection,49.63277338072123,0.9704652376816872,YES,NO_TEACHER_ANALYSIS_ONLY
297,1750701600000,2025-06-23 18:00:00+00:00,Long,1750701600000,2025-06-23 18:00:00+00:00,exact_live_trigger_found,15m_body_close;15m_wick_rejection;15m_vwap_reclaim;5m_body_close;5m_wick_rejection;5m_vwap_reclaim,18.233552011909357,1.0,YES,NO_TEACHER_ANALYSIS_ONLY
298,1752541200000,2025-07-15 01:00:00+00:00,Short,1752541200000,2025-07-15 01:00:00+00:00,exact_live_trigger_found,15m_body_close;15m_vwap_reclaim;5m_body_close;5m_wick_rejection;5m_vwap_reclaim,26.837414073319085,0.8323121468195631,YES,NO_TEACHER_ANALYSIS_ONLY
299,1752627600000,2025-07-16 01:00:00+00:00,Long,1752627600000,2025-07-16 01:00:00+00:00,exact_live_trigger_found,15m_body_close;15m_wick_rejection;5m_body_close;5m_wick_rejection,23.43563855586221,0.8829514211032585,YES,NO_TEACHER_ANALYSIS_ONLY
300,1755169200000,2025-08-14 11:00:00+00:00,Short,1755169200000,2025-08-14 11:00:00+00:00,exact_live_trigger_found,15m_body_close;15m_wick_rejection;5m_body_close;5m_wick_rejection,29.805522882819314,0.8425678447210566,YES,NO_TEACHER_ANALYSIS_ONLY
301,1756317600000,2025-08-27 18:00:00+00:00,Short,1756317600000,2025-08-27 18:00:00+00:00,exact_live_trigger_found,15m_body_close;15m_wick_rejection;15m_vwap_reclaim;5m_body_close;5m_wick_rejection;5m_vwap_reclaim,20.71920556304561,0.5385661321393527,YES,NO_TEACHER_ANALYSIS_ONLY
302,1758135600000,2025-09-17 19:00:00+00:00,Long,1758135600000,2025-09-17 19:00:00+00:00,exact_live_trigger_found,15m_wick_rejection;15m_vwap_reclaim;5m_body_close;5m_wick_rejection,21.330071247418353,1.0,YES,NO_TEACHER_ANALYSIS_ONLY
303,1760130000000,2025-10-10 21:00:00+00:00,Short,1760130000000,2025-10-10 21:00:00+00:00,exact_live_trigger_found,15m_body_close;15m_wick_rejection;5m_body_close;5m_wick_rejection,29.90406091405052,1.0,YES,NO_TEACHER_ANALYSIS_ONLY
304,1764694800000,2025-12-02 17:00:00+00:00,Long,1764694800000,2025-12-02 17:00:00+00:00,exact_live_trigger_found,15m_body_close;15m_wick_rejection;5m_body_close;5m_wick_rejection,26.48371639605164,0.7190840772354884,YES,NO_TEACHER_ANALYSIS_ONLY
305,1765900800000,2025-12-16 16:00:00+00:00,Long,1765900800000,2025-12-16 16:00:00+00:00,exact_live_trigger_found,15m_body_close;15m_wick_rejection;5m_body_close;5m_wick_rejection,33.29491803238023,0.8775377931515158,YES,NO_TEACHER_ANALYSIS_ONLY
306,1766116800000,2025-12-19 04:00:00+00:00,Long,1766116800000,2025-12-19 04:00:00+00:00,exact_live_trigger_found,15m_body_close;15m_wick_rejection;5m_body_close;5m_wick_rejection,21.87447967589999,0.9089634389822396,YES,NO_TEACHER_ANALYSIS_ONLY
307,1767718800000,2026-01-06 17:00:00+00:00,Short,1767718800000,2026-01-06 17:00:00+00:00,exact_live_trigger_found,15m_body_close;15m_vwap_reclaim;5m_body_close;5m_wick_rejection;5m_vwap_reclaim,24.599414859540023,0.8522527606818708,YES,NO_TEACHER_ANALYSIS_ONLY
308,1767974400000,2026-01-09 16:00:00+00:00,Long,1767974400000,2026-01-09 16:00:00+00:00,exact_live_trigger_found,15m_body_close;15m_wick_rejection;15m_vwap_reclaim;5m_body_close;5m_wick_rejection;5m_vwap_reclaim,23.168457234111187,0.8604548993438826,YES,NO_TEACHER_ANALYSIS_ONLY
309,1768507200000,2026-01-15 20:00:00+00:00,Short,1768507200000,2026-01-15 20:00:00+00:00,exact_live_trigger_found,15m_body_close;15m_wick_rejection;15m_vwap_reclaim;5m_body_close;5m_wick_rejection;5m_vwap_reclaim,26.918515233148074,0.9088340046081054,YES,NO_TEACHER_ANALYSIS_ONLY
310,1769713200000,2026-01-29 19:00:00+00:00,Short,1769713200000,2026-01-29 19:00:00+00:00,exact_live_trigger_found,15m_body_close;5m_body_close;5m_wick_rejection,39.27178019541696,0.8081904047000641,YES,NO_TEACHER_ANALYSIS_ONLY
311,1769882400000,2026-01-31 18:00:00+00:00,Short,1769882400000,2026-01-31 18:00:00+00:00,exact_live_trigger_found,15m_wick_rejection;5m_body_close;5m_wick_rejection,56.04813703459494,0.9361164471705771,YES,NO_TEACHER_ANALYSIS_ONLY
312,1770228000000,2026-02-04 18:00:00+00:00,Short,1770228000000,2026-02-04 18:00:00+00:00,exact_live_trigger_found,15m_body_close;5m_body_close;5m_wick_rejection,38.69152383863433,0.7787876243797319,YES,NO_TEACHER_ANALYSIS_ONLY
313,1770307200000,2026-02-05 16:00:00+00:00,Short,1770307200000,2026-02-05 16:00:00+00:00,exact_live_trigger_found,15m_body_close;5m_body_close;5m_wick_rejection,56.11171888235843,1.0,YES,NO_TEACHER_ANALYSIS_ONLY
314,1770390000000,2026-02-06 15:00:00+00:00,Long,1770390000000,2026-02-06 15:00:00+00:00,exact_live_trigger_found,15m_body_close;15m_wick_rejection;15m_vwap_reclaim;5m_body_close;5m_wick_rejection;5m_vwap_reclaim,35.989696366746635,0.7642605984714074,YES,NO_TEACHER_ANALYSIS_ONLY
315,1771984800000,2026-02-25 02:00:00+00:00,Long,1771984800000,2026-02-25 02:00:00+00:00,exact_live_trigger_found,15m_body_close;15m_wick_rejection;5m_body_close;5m_wick_rejection,33.97659137840989,0.9753167268572034,YES,NO_TEACHER_ANALYSIS_ONLY
316,1772038800000,2026-02-25 17:00:00+00:00,Long,1772038800000,2026-02-25 17:00:00+00:00,exact_live_trigger_found,15m_wick_rejection;15m_vwap_reclaim;5m_body_close;5m_wick_rejection;5m_vwap_reclaim,25.25877868098403,0.9486831871030674,YES,NO_TEACHER_ANALYSIS_ONLY
317,1772305200000,2026-02-28 19:00:00+00:00,Long,1772305200000,2026-02-28 19:00:00+00:00,exact_live_trigger_found,15m_body_close;15m_wick_rejection;15m_vwap_reclaim;5m_body_close;5m_wick_rejection;5m_vwap_reclaim,29.730665731686706,0.8575786224079416,YES,NO_TEACHER_ANALYSIS_ONLY
318,1772413200000,2026-03-02 01:00:00+00:00,Long,1772413200000,2026-03-02 01:00:00+00:00,exact_live_trigger_found,15m_body_close;15m_wick_rejection;5m_body_close;5m_wick_rejection,16.395929176334548,0.9594650880318903,YES,NO_TEACHER_ANALYSIS_ONLY
319,1772553600000,2026-03-03 16:00:00+00:00,Long,1772553600000,2026-03-03 16:00:00+00:00,exact_live_trigger_found,15m_body_close;5m_body_close;5m_wick_rejection,19.476461189488287,0.8531895032462253,YES,NO_TEACHER_ANALYSIS_ONLY
320,1772820000000,2026-03-06 18:00:00+00:00,Short,1772820000000,2026-03-06 18:00:00+00:00,exact_live_trigger_found,15m_body_close;15m_wick_rejection;15m_vwap_reclaim;5m_body_close;5m_wick_rejection;5m_vwap_reclaim,35.0624907711499,0.4849152562945312,YES,NO_TEACHER_ANALYSIS_ONLY
321,1779807600000,2026-05-26 15:00:00+00:00,Short,1779807600000,2026-05-26 15:00:00+00:00,exact_live_trigger_found,15m_body_close;15m_wick_rejection;15m_vwap_reclaim;5m_body_close;5m_wick_rejection;5m_vwap_reclaim,21.77342746770926,0.9151370985104399,YES,NO_TEACHER_ANALYSIS_ONLY
322,1780081200000,2026-05-29 19:00:00+00:00,Short,1780081200000,2026-05-29 19:00:00+00:00,exact_live_trigger_found,15m_body_close;5m_body_close;5m_wick_rejection,25.386310125761405,0.9509601725668959,YES,NO_TEACHER_ANALYSIS_ONLY
323,1780416000000,2026-06-02 16:00:00+00:00,Short,1780416000000,2026-06-02 16:00:00+00:00,exact_live_trigger_found,15m_body_close;15m_wick_rejection;15m_vwap_reclaim;5m_body_close;5m_wick_rejection;5m_vwap_reclaim,71.20517520272372,1.0,YES,NO_TEACHER_ANALYSIS_ONLY
324,1780534800000,2026-06-04 01:00:00+00:00,Short,1780534800000,2026-06-04 01:00:00+00:00,exact_live_trigger_found,15m_body_close;15m_wick_rejection;15m_vwap_reclaim;5m_body_close;5m_wick_rejection;5m_vwap_reclaim,63.3198315458473,1.0,YES,NO_TEACHER_ANALYSIS_ONLY
